time,open,high,low,close,volume,5ma,20ma,atr
2024-03-15 15:00:00,141.205,141.345,140.99,141.09,1153405.0,141.28300000000002,141.2185,0.5804999999999966
2024-03-15 14:45:00,141.315,141.35,141.1,141.203,589573.0,141.2356,141.22615,0.5826428571428538
2024-03-15 14:30:00,140.99,141.42,140.97,141.31,794152.0,141.2486,141.24015,0.6083571428571405
2024-03-15 14:15:00,140.94,141.02,140.83,140.99,546761.0,141.1866,141.22515,0.6333571428571402
2024-03-15 14:00:00,140.95,141.015,140.79,140.935,620010.0,141.1056,141.2114,0.6392142857142825
2024-03-15 13:45:00,140.8,141.01,140.555,140.93,745432.0,141.0736,141.19889999999998,0.6552857142857107
2024-03-15 13:30:00,140.5,140.909,140.45,140.81,881875.0,140.995,141.1719,0.4572142857142844
2024-03-15 13:15:00,140.19,140.55,140.18,140.495,518168.0,140.832,141.13665,0.4782857142857121
2024-03-15 13:00:00,140.145,140.52,140.142,140.19,1715050.0,140.672,141.08615000000003,0.4881428571428553
2024-03-15 12:45:00,140.19,140.22,140.03,140.15,675462.0,140.51500000000001,141.03564999999998,0.47664285714285526
2024-03-15 12:30:00,140.27,140.49,140.175,140.192,684454.0,140.3674,140.98674999999997,0.4041428571428542
2024-03-15 12:15:00,140.235,140.38,140.095,140.275,613155.0,140.2604,140.9415,0.3823571428571394
2024-03-15 12:00:00,140.575,140.63,140.125,140.24,606457.0,140.20940000000002,140.90275000000003,0.4034285714285671
2024-03-15 11:45:00,140.59,140.67,140.41,140.575,602086.0,140.28640000000001,140.872,0.39021428571428124
2024-03-15 11:30:00,141.201,141.27,140.58,140.59,686587.0,140.3744,140.83350000000002,0.41449999999999776
2024-03-15 11:15:00,141.06,141.265,140.96,141.21,1782758.0,140.578,140.8255,0.44414285714285434
2024-03-15 11:00:00,141.265,141.37,140.96,141.065,816728.0,140.73600000000002,140.80675000000002,0.44128571428571206
2024-03-15 10:45:00,141.27,141.49,141.08,141.265,636280.0,140.941,140.80775,0.43735714285714217
2024-03-15 10:30:00,141.593,141.62,141.1,141.26,880011.0,141.078,140.80575,0.4584285714285719
2024-03-15 10:15:00,141.71,141.823,141.51,141.59,723636.0,141.27799999999996,140.81824999999998,0.4661428571428599
2024-03-15 10:00:00,141.91,142.07,141.35,141.72,1125539.0,141.38,140.84975000000003,0.4832857142857157
2024-03-15 09:45:00,141.93,142.17,141.66,141.91,1009344.0,141.54899999999998,140.88510000000002,0.4747142857142868
2024-03-15 09:30:00,142.5,143.18,141.695,141.938,7472828.0,141.68359999999998,140.9165,0.5537857142857153
2024-03-15 09:15:00,142.47,143.23,141.15,142.7,419280.0,141.9716,141.002,0.6887857142857143
2024-03-15 09:00:00,142.68,142.78,142.37,142.48,29869.0,142.14960000000002,141.07925,0.6937857142857139
2024-03-15 08:45:00,142.52,142.83,142.419,142.73,17883.0,142.35160000000002,141.16925,0.7027857142857142
2024-03-15 08:30:00,142.79,142.95,142.5,142.55,22344.0,142.47959999999998,141.25625,0.6988571428571423
2024-03-15 08:15:00,142.62,143.1,142.62,142.8,15062.0,142.652,141.3715,0.7074285714285712
2024-03-15 08:00:00,143.39,143.68,142.35,142.66,64308.0,142.644,141.49499999999998,0.7527857142857134
2024-03-15 07:45:00,143.33,143.37,143.0,143.06,10363.0,142.76,141.64050000000003,0.7552857142857151
2024-03-15 07:30:00,143.37,143.38,143.32,143.32,7697.0,142.878,141.7969,0.7488571428571434
2024-03-15 07:15:00,143.35,143.43,143.3,143.35,2378.0,143.038,141.95065,0.7277857142857138
2024-03-15 07:00:00,143.44,143.51,143.29,143.35,7422.0,143.148,142.10615,0.7063571428571416
2024-03-15 06:45:00,143.59,143.66,143.47,143.47,4628.0,143.31,142.2509,0.688285714285712
2024-03-15 06:30:00,143.36,143.68,143.33,143.56,4261.0,143.41,142.39939999999999,0.6618571428571401
2024-03-15 06:15:00,143.25,143.41,143.18,143.35,3195.0,143.416,142.50639999999999,0.6525714285714262
2024-03-15 06:00:00,143.06,143.3,143.06,143.25,3851.0,143.39600000000002,142.61565,0.5672142857142818
2024-03-15 05:45:00,143.05,143.13,143.04,143.06,3137.0,143.33800000000002,142.7054,0.43364285714285494
2024-03-15 05:30:00,142.77,143.08,142.77,143.04,3961.0,143.252,142.7944,0.4264999999999982
2024-03-15 05:15:00,142.96,142.96,142.71,142.74,5815.0,143.08800000000002,142.8519,0.4207142857142827
2024-03-15 05:00:00,142.94,143.0,142.89,142.93,4430.0,143.004,142.9124,0.4071428571428543
2024-03-15 04:45:00,142.99,143.0,142.86,142.91,1520.0,142.936,142.9624,0.3778571428571403
2024-03-15 04:30:00,142.86,143.06,142.86,142.99,2688.0,142.922,143.015,0.2971428571428528
2024-03-15 04:15:00,142.84,142.97,142.79,142.86,2854.0,142.88600000000002,143.023,0.26071428571428207
2024-03-15 04:00:00,142.77,143.2,142.61,142.85,7262.0,142.908,143.04149999999998,0.27999999999999503
2024-03-14 19:45:00,142.93,143.2,142.84,142.98,2156.0,142.91799999999998,143.054,0.29642857142856577
2024-03-14 19:30:00,142.9,143.2,142.8,142.84,3111.0,142.904,143.0685,0.30928571428570706
2024-03-14 19:15:00,143.06,143.16,142.75,142.8,3739.0,142.86599999999999,143.0685,0.3164285714285638
2024-03-14 19:00:00,143.46,143.5,142.96,143.28,5058.0,142.95,143.0995,0.34142857142856337
2024-03-14 18:45:00,143.4,143.52,143.2,143.3,8704.0,143.04000000000002,143.1115,0.33714285714285097
2024-03-14 18:30:00,143.4,143.45,143.36,143.42,2024.0,143.12800000000001,143.1165,0.3271428571428499
2024-03-14 18:15:00,143.4,143.46,143.35,143.4,1505.0,143.24,143.119,0.3199999999999932
2024-03-14 18:00:00,143.25,143.49,143.23,143.46,2409.0,143.372,143.12449999999998,0.31642857142856584
2024-03-14 17:45:00,143.16,143.34,143.16,143.25,3287.0,143.36599999999999,143.1135,0.3142857142857106
2024-03-14 17:30:00,143.19,143.31,143.1,143.19,7620.0,143.344,143.095,0.3107142857142833
2024-03-14 17:15:00,143.22,143.25,142.39,143.17,6144.0,143.29399999999998,143.086,0.36214285714285666
2024-03-14 17:00:00,143.49,143.49,143.17,143.22,16674.0,143.25799999999998,143.0845,0.3707142857142876
2024-03-14 16:45:00,143.53,143.59,133.688,143.49,102753.0,143.26399999999998,143.10600000000002,1.0637142857142874
2024-03-14 16:30:00,143.47,143.59,143.4,143.51,17518.0,143.31599999999997,143.12949999999998,1.0351428571428605
2024-03-14 16:15:00,143.1,143.54,143.1,143.47,42538.0,143.372,143.166,1.0408571428571471
2024-03-14 16:00:00,143.19,143.55,139.105,143.49,11050141.0,143.436,143.19400000000002,1.3297857142857217
2024-03-14 15:45:00,142.975,143.22,142.58,143.18,3713344.0,143.428,143.2075,1.3655000000000075
2024-03-14 15:30:00,142.92,143.047,142.78,142.97,1698816.0,143.324,143.2065,1.3440714285714372
2024-03-14 15:15:00,142.78,143.092,142.76,142.92,1249699.0,143.206,143.2095,1.3449285714285801
2024-03-14 15:00:00,143.13,143.27,142.765,142.78,1261664.0,143.06799999999998,143.206,1.3702857142857263
2024-03-14 14:45:00,143.28,143.585,143.1,143.135,1248062.0,142.99699999999999,143.21375,1.419928571428583
2024-03-14 14:30:00,143.17,143.32,143.12,143.275,1017063.0,143.01600000000002,143.2355,1.4156428571428665
2024-03-14 14:15:00,143.17,143.24,143.03,143.17,975403.0,143.05599999999998,143.254,1.4117142857142946
2024-03-14 14:00:00,142.81,143.34,142.81,143.165,1277524.0,143.105,143.24825,1.4345714285714368
2024-03-14 13:45:00,142.28,142.85,142.125,142.8,914795.0,143.10899999999998,143.22324999999998,1.4474285714285782
2024-03-14 13:30:00,142.53,142.6,142.24,142.285,814341.0,142.93900000000002,143.16649999999998,1.464571428571434
2024-03-14 13:15:00,142.42,142.72,142.36,142.52,762706.0,142.78799999999998,143.1225,0.7883571428571473
2024-03-14 13:00:00,142.13,142.5,142.09,142.415,902321.0,142.637,143.07025000000002,0.8055000000000051
2024-03-14 12:45:00,142.12,142.285,142.06,142.135,714825.0,142.43099999999998,143.0145,0.799428571428576
2024-03-14 12:30:00,142.05,142.23,141.86,142.11,1051594.0,142.29299999999998,142.9605,0.5083571428571442
2024-03-14 12:15:00,142.1,142.105,141.72,142.06,1119959.0,142.248,142.905,0.47121428571428836
2024-03-14 12:00:00,142.668,142.91,141.95,142.1,1139846.0,142.16400000000002,142.849,0.5112142857142885
2024-03-14 11:45:00,142.26,142.67,142.15,142.67,689952.0,142.21499999999997,142.808,0.5282142857142864
2024-03-14 11:30:00,142.56,142.83,142.24,142.26,774162.0,142.24,142.7455,0.5342857142857136
2024-03-14 11:15:00,142.69,142.729,142.31,142.56,1202149.0,142.32999999999998,142.7,0.5102857142857147
2024-03-14 11:00:00,142.365,142.86,142.35,142.687,1150872.0,142.4554,142.65985,0.532428571428574
2024-03-14 10:45:00,142.135,142.37,141.91,142.37,1045421.0,142.5094,142.61935,0.5704285714285747
2024-03-14 10:30:00,142.5,142.8,141.921,142.13,2212038.0,142.40140000000002,142.57735,0.5953571428571475
2024-03-14 10:15:00,141.65,142.89,141.403,142.495,2538719.0,142.4484,142.5561,0.6272857142857191
2024-03-14 10:00:00,141.37,141.72,140.815,141.65,1174273.0,142.26640000000003,142.49960000000002,0.7072857142857194
2024-03-14 09:45:00,141.695,141.71,141.16,141.38,1810348.0,142.005,142.41185000000002,0.7155000000000058
2024-03-14 09:30:00,141.19,141.99,140.455,141.698,2718665.0,141.8706,142.333,0.7944285714285765
2024-03-14 09:15:00,140.47,141.39,139.79,141.11,146105.0,141.6666,142.23,0.9053571428571497
2024-03-14 09:00:00,140.59,140.79,140.25,140.46,35791.0,141.2596,142.09475,0.9403571428571524
2024-03-14 08:45:00,140.96,141.06,132.67,140.6,39024.0,141.0496,141.98475000000002,1.5117857142857238
2024-03-14 08:30:00,141.05,141.17,140.7,140.908,37977.0,140.9552,141.9159,1.48392857142858
2024-03-14 08:15:00,141.08,141.168,140.93,141.05,7948.0,140.8256,141.8424,1.4617857142857247
2024-03-14 08:00:00,141.0,141.2,139.79,141.09,55943.0,140.8216,141.77614999999997,1.5203571428571527
2024-03-14 07:45:00,141.03,141.03,140.91,140.99,4162.0,140.92759999999998,141.71890000000002,1.4997142857142944
2024-03-14 07:30:00,141.14,141.19,141.03,141.05,10610.0,141.01760000000002,141.66590000000002,1.4775714285714352
2024-03-14 07:15:00,140.96,141.14,140.95,141.14,6975.0,141.06400000000002,141.6199,1.4356428571428625
2024-03-14 07:00:00,140.96,141.05,140.88,140.96,12644.0,141.046,141.5629,1.3914285714285748
2024-03-14 06:45:00,140.83,141.02,140.81,140.99,3967.0,141.026,141.4789,1.30021428571429
2024-03-14 06:30:00,140.81,140.87,140.76,140.82,922.0,140.99200000000002,141.4069,1.1966428571428622
2024-03-14 06:15:00,140.75,140.82,140.73,140.81,2313.0,140.94400000000002,141.3194,1.1637857142857189
2024-03-14 06:00:00,140.72,140.79,140.72,140.75,3117.0,140.866,141.22255,1.0605714285714336
2024-03-14 05:45:00,140.75,140.77,140.66,140.72,3083.0,140.81799999999998,141.14005,0.932142857142862
2024-03-14 05:30:00,140.71,140.76,140.71,140.72,971.0,140.76399999999998,141.06955,0.874285714285717
2024-03-14 05:15:00,140.77,140.77,140.66,140.77,1419.0,140.754,140.9833,0.28285714285714547
2024-03-14 05:00:00,140.7,140.81,140.62,140.77,3094.0,140.746,140.9393,0.2557142857142886
2024-03-14 04:45:00,140.61,140.76,140.5,140.69,1023.0,140.73399999999998,140.9048,0.2564285714285737
2024-03-14 04:30:00,140.66,140.76,140.5,140.5,3223.0,140.69,140.8449,0.17428571428571615
2024-03-14 04:15:00,140.55,140.82,140.49,140.67,2815.0,140.68,140.8229,0.18500000000000025
2024-03-14 04:00:00,140.26,140.61,140.13,140.57,8233.0,140.64000000000001,140.8284,0.20928571428571477
2024-03-13 19:45:00,140.32,140.49,140.2,140.4,4310.0,140.56599999999997,140.8184,0.2221428571428581
2024-03-13 19:30:00,140.43,140.5,140.28,140.4,4329.0,140.50799999999998,140.793,0.21928571428571583
2024-03-13 19:15:00,140.3,140.5,140.12,140.5,1835.0,140.50799999999998,140.7655,0.23142857142857207
2024-03-13 19:00:00,140.16,140.3,140.11,140.27,4324.0,140.428,140.7245,0.24285714285714124
2024-03-13 18:45:00,140.19,140.28,140.11,140.16,4839.0,140.346,140.683,0.2485714285714258
2024-03-13 18:30:00,140.1,140.19,140.05,140.19,1370.0,140.304,140.64,0.25214285714285317
2024-03-13 18:15:00,140.05,140.29,140.05,140.19,1691.0,140.262,140.5925,0.26142857142856507
2024-03-13 18:00:00,140.0,140.29,139.92,140.15,5334.0,140.19199999999998,140.552,0.2842857142857095
2024-03-13 17:45:00,139.96,140.1,139.96,140.099,4637.0,140.1578,140.50745,0.2899999999999941
2024-03-13 17:30:00,140.004,140.12,139.96,139.96,2351.0,140.1178,140.46445,0.28785714285713687
2024-03-13 17:15:00,140.08,140.15,139.79,140.02,1832.0,140.0838,140.42495,0.29428571428570854
2024-03-13 17:00:00,140.1,140.15,139.79,140.12,20876.0,140.06980000000001,140.39345,0.30142857142856727
2024-03-13 16:45:00,140.03,140.2,134.846,140.1,116862.0,140.0598,140.36245000000002,0.6602857142857103
2024-03-13 16:30:00,139.845,140.11,139.845,140.04,8456.0,140.048,140.32845,0.6406428571428547
2024-03-13 16:15:00,139.79,139.99,139.79,139.89,6975.0,140.034,140.28445,0.6320714285714258
2024-03-13 16:00:00,139.83,140.1,139.73,139.9,7455639.0,140.01,140.24095,0.642785714285712
2024-03-13 15:45:00,139.71,139.92,139.675,139.84,1726015.0,139.954,140.19845,0.6331428571428533
2024-03-13 15:30:00,139.69,139.88,139.585,139.715,670057.0,139.877,140.1592,0.6263571428571392
2024-03-13 15:15:00,140.147,140.21,139.52,139.69,630071.0,139.807,140.1102,0.6634999999999971
2024-03-13 15:00:00,140.197,140.265,140.03,140.15,521288.0,139.85899999999998,140.0892,0.6945714285714258
2024-03-13 14:45:00,140.17,140.395,140.17,140.195,368049.0,139.918,140.07895000000002,0.6949285714285703
2024-03-13 14:30:00,140.31,140.325,140.13,140.165,374095.0,139.983,140.0672,0.6824285714285695
2024-03-13 14:15:00,140.36,140.5,140.286,140.31,488178.0,140.102,140.0577,0.6927857142857131
2024-03-13 14:00:00,140.655,140.685,140.31,140.37,574016.0,140.238,140.0627,0.7081428571428562
2024-03-13 13:45:00,140.409,140.7,140.39,140.65,427052.0,140.33800000000002,140.0872,0.705999999999997
2024-03-13 13:30:00,140.77,140.83,140.41,140.41,473775.0,140.381,140.0982,0.7102857142857114
2024-03-13 13:15:00,140.82,140.83,140.53,140.76,431853.0,140.5,140.1267,0.3578571428571422
2024-03-13 13:00:00,140.88,141.09,140.8,140.815,513096.0,140.60100000000003,140.15995,0.3624999999999992
2024-03-13 12:45:00,141.01,141.08,140.82,140.88,649209.0,140.70299999999997,140.199,0.3635714285714288
2024-03-13 12:30:00,140.64,141.06,140.575,141.005,767703.0,140.77399999999997,140.25125,0.37178571428571516
2024-03-13 12:15:00,140.52,140.77,140.5,140.63,570810.0,140.81799999999998,140.28175000000002,0.3903571428571451
2024-03-13 12:00:00,140.59,140.805,140.39,140.53,626574.0,140.772,140.30225,0.3989285714285761
2024-03-13 11:45:00,140.14,140.59,140.07,140.584,520392.0,140.7258,140.32645,0.3867857142857198
2024-03-13 11:30:00,140.05,140.35,139.96,140.143,471468.0,140.57840000000002,140.3316,0.3902857142857203
2024-03-13 11:15:00,140.33,140.39,140.03,140.05,563225.0,140.38739999999999,140.3396,0.39850000000000463
2024-03-13 11:00:00,140.175,140.73,140.1,140.34,860620.0,140.32940000000002,140.3616,0.4331428571428607
2024-03-13 10:45:00,140.22,140.28,139.7,140.175,744413.0,140.2584,140.37835,0.45492857142857546
2024-03-13 10:30:00,140.04,140.38,139.985,140.22,546523.0,140.18560000000002,140.4036,0.4563571428571456
2024-03-13 10:15:00,140.1,140.28,139.87,140.05,556338.0,140.167,140.4216,0.4620714285714322
2024-03-13 10:00:00,139.92,140.2,139.51,140.09,1043082.0,140.175,140.4186,0.4813571428571452
2024-03-13 09:45:00,140.04,140.38,139.84,139.905,1014930.0,140.08800000000002,140.4041,0.48992857142857205
2024-03-13 09:30:00,139.0,140.53,138.99,140.04,2377218.0,140.06099999999998,140.39785,0.576357142857142
2024-03-13 09:15:00,138.78,139.07,138.642,138.98,47399.0,139.81300000000002,140.33135,0.6572857142857121
2024-03-13 09:00:00,138.46,138.85,138.36,138.79,32536.0,139.56099999999998,140.25235,0.6669285714285665
2024-03-13 08:45:00,138.06,139.115,137.19,138.47,17431.0,139.237,140.14335,0.7683571428571392
2024-03-13 08:30:00,137.9,138.15,137.88,138.06,15146.0,138.868,140.02585000000002,0.7808571428571379
2024-03-13 08:15:00,137.96,138.0,137.81,137.96,16175.0,138.452,139.88585,0.7615714285714229
2024-03-13 08:00:00,138.42,138.71,137.86,137.96,50804.0,138.248,139.7431,0.77771428571428
2024-03-13 07:45:00,138.43,138.46,138.17,138.19,5593.0,138.12800000000001,139.6086,0.787714285714281
2024-03-13 07:30:00,138.42,138.5,138.34,138.42,5689.0,138.118,139.47935,0.7612857142857113
2024-03-13 07:15:00,138.41,138.54,138.31,138.4,8404.0,138.18599999999998,139.36785,0.7319999999999952
2024-03-13 07:00:00,138.39,138.58,138.35,138.41,11501.0,138.276,139.26185,0.7202142857142836
2024-03-13 06:45:00,138.39,138.41,138.31,138.39,2495.0,138.362,139.15215,0.6980714285714262
2024-03-13 06:30:00,138.44,138.44,138.3,138.41,1018.0,138.406,139.0655,0.6587857142857112
2024-03-13 06:15:00,138.38,138.45,138.33,138.44,693.0,138.41,138.985,0.6287857142857101
2024-03-13 06:00:00,138.35,138.39,138.27,138.35,935.0,138.4,138.8855,0.5309285714285669
2024-03-13 05:45:00,138.32,138.35,138.29,138.35,200.0,138.388,138.79424999999998,0.4353571428571387
2024-03-13 05:30:00,138.34,138.35,138.24,138.31,890.0,138.372,138.69875,0.3989285714285679
2024-03-13 05:15:00,138.51,138.52,138.2,138.36,3769.0,138.36200000000002,138.61425,0.28428571428571153
2024-03-13 05:00:00,138.59,138.61,138.47,138.5,2307.0,138.374,138.53475,0.259999999999997
2024-03-13 04:45:00,138.39,138.66,138.3,138.59,2699.0,138.422,138.469,0.2678571428571388
2024-03-13 04:30:00,138.22,138.39,138.06,138.39,2040.0,138.43,138.3865,0.24499999999999642
2024-03-13 04:15:00,138.42,138.48,138.22,138.26,2699.0,138.42000000000002,138.35049999999998,0.22785714285713862
2024-03-13 04:00:00,138.14,138.83,138.14,138.42,6552.0,138.432,138.332,0.2549999999999975
2024-03-12 19:45:00,138.2,138.38,138.08,138.15,4912.0,138.362,138.316,0.2628571428571393
2024-03-12 19:30:00,138.37,138.42,138.21,138.23,2170.0,138.29,138.3245,0.2657142857142795
2024-03-12 19:15:00,138.35,138.42,138.23,138.37,1764.0,138.286,138.34499999999997,0.2721428571428512
2024-03-12 19:00:00,138.44,138.44,138.35,138.35,1228.0,138.304,138.36449999999996,0.26857142857142385
2024-03-12 18:45:00,138.35,138.47,138.35,138.4,2267.0,138.3,138.375,0.2685714285714259
2024-03-12 18:30:00,138.44,138.46,138.3,138.4,4556.0,138.35,138.374,0.26785714285714085
2024-03-12 18:15:00,138.4,138.53,138.4,138.45,488.0,138.394,138.3765,0.27285714285714036
2024-03-12 18:00:00,138.42,138.55,138.36,138.44,3100.0,138.408,138.378,0.27857142857142697
2024-03-12 17:45:00,138.49,138.59,138.4,138.5,11612.0,138.438,138.38349999999997,0.26928571428571096
2024-03-12 17:30:00,138.451,138.54,138.41,138.5,338.0,138.458,138.38799999999998,0.26071428571428207
2024-03-12 17:15:00,138.38,138.48,137.576,138.45,3773.0,138.46800000000002,138.3885,0.3009999999999979
2024-03-12 17:00:00,138.39,138.54,138.33,138.38,6633.0,138.454,138.39,0.2781428571428535
2024-03-12 16:45:00,138.56,138.56,129.28,138.38,155914.0,138.442,138.3915,0.9224285714285685
2024-03-12 16:30:00,138.461,138.58,138.32,138.55,11012.0,138.452,138.4035,0.8917142857142822
2024-03-12 16:15:00,138.5,138.672,138.44,138.48,66965.0,138.448,138.4095,0.8839999999999983
2024-03-12 16:00:00,138.49,138.72,138.37,138.63,6606061.0,138.48399999999998,138.416,0.8897142857142849
2024-03-12 15:45:00,138.89,138.95,138.46,138.49,2087629.0,138.506,138.411,0.9111428571428551
2024-03-12 15:30:00,138.915,139.045,138.855,138.9,701822.0,138.60999999999999,138.4365,0.944357142857139
2024-03-12 15:15:00,139.015,139.04,138.725,138.915,562823.0,138.683,138.46925000000002,0.95828571428571
2024-03-12 15:00:00,139.01,139.105,138.89,139.015,509610.0,138.79000000000002,138.499,0.9622142857142819
2024-03-12 14:45:00,138.795,139.097,138.77,139.005,522877.0,138.865,138.54175,0.9762857142857106
2024-03-12 14:30:00,139.17,139.24,138.77,138.795,577317.0,138.926,138.57,0.9962857142857108
2024-03-12 14:15:00,138.76,139.19,138.67,139.17,447253.0,138.98,138.60999999999999,1.0198571428571401
2024-03-12 14:00:00,138.68,138.997,138.655,138.745,374752.0,138.94599999999997,138.62975,1.0473571428571395
2024-03-12 13:45:00,138.83,138.86,138.44,138.665,570616.0,138.87599999999998,138.643,1.0113571428571402
2024-03-12 13:30:00,139.065,139.135,138.71,138.83,500832.0,138.841,138.6645,1.0299285714285702
2024-03-12 13:15:00,138.945,139.375,138.91,139.065,855799.0,138.89499999999998,138.69525000000002,0.4059999999999978
2024-03-12 13:00:00,138.6,138.985,138.59,138.948,720608.0,138.85060000000001,138.72065,0.4213571428571389
2024-03-12 12:45:00,138.56,138.61,138.34,138.59,1115266.0,138.81959999999998,138.72515,0.44821428571428207
2024-03-12 12:30:00,138.65,138.696,138.34,138.56,900777.0,138.79860000000002,138.72815,0.4486428571428535
2024-03-12 12:15:00,138.78,138.82,138.49,138.645,685822.0,138.7616,138.7379,0.43721428571428234
2024-03-12 12:00:00,138.48,138.789,138.18,138.775,644972.0,138.7036,138.75765,0.44107142857142534
2024-03-12 11:45:00,138.135,138.58,138.08,138.47,538063.0,138.608,138.76215,0.46821428571428214
2024-03-12 11:30:00,138.43,138.44,138.07,138.14,653652.0,138.518,138.74165,0.48142857142856804
2024-03-12 11:15:00,138.36,138.57,138.359,138.429,734979.0,138.4918,138.73909999999998,0.4887857142857115
2024-03-12 11:00:00,138.23,138.495,138.04,138.354,1025517.0,138.4336,138.7253,0.4877142857142839
2024-03-12 10:45:00,138.64,138.875,138.11,138.23,1491043.0,138.3246,138.7123,0.5052142857142822
2024-03-12 10:30:00,138.67,138.98,138.31,138.65,885068.0,138.3606,138.6998,0.5219999999999975
2024-03-12 10:15:00,138.56,138.8,138.44,138.66,731183.0,138.46460000000002,138.68705,0.517714285714283
2024-03-12 10:00:00,138.55,138.945,138.18,138.54,1079603.0,138.4868,138.6633,0.5387857142857106
2024-03-12 09:45:00,137.98,138.72,137.74,138.56,1255812.0,138.528,138.64105,0.5698571428571394
2024-03-12 09:30:00,137.03,139.06,137.03,137.98,2452690.0,138.478,138.6003,0.6809285714285684
2024-03-12 09:15:00,136.7,137.08,136.49,137.01,86736.0,138.15,138.49230000000003,0.7439285714285668
2024-03-12 09:00:00,136.66,138.05,136.25,136.73,93615.0,137.76399999999998,138.39155,0.8470714285714251
2024-03-12 08:45:00,138.66,138.68,136.0,136.7,174944.0,137.396,138.2933,1.0149285714285696
2024-03-12 08:30:00,138.2,138.88,137.21,138.65,103131.0,137.414,138.2843,1.1271428571428572
2024-03-12 08:15:00,138.3,138.4,138.17,138.3,10234.0,137.478,138.24605,1.1117857142857162
2024-03-12 08:00:00,138.408,138.9,137.67,138.34,42488.0,137.744,138.21565,1.1710714285714314
2024-03-12 07:45:00,138.42,138.45,138.23,138.26,5352.0,138.05,138.19914999999997,1.1560714285714309
2024-03-12 07:30:00,138.45,138.59,138.42,138.45,5233.0,138.4,138.19365,1.1471428571428592
2024-03-12 07:15:00,138.16,138.47,138.11,138.47,8425.0,138.36399999999998,138.1849,1.1182142857142878
2024-03-12 07:00:00,138.18,138.25,138.08,138.13,7390.0,138.32999999999998,138.15265,1.0925000000000011
2024-03-12 06:45:00,138.19,138.2,138.03,138.18,3696.0,138.298,138.13815,1.0789285714285708
2024-03-12 06:30:00,138.4,138.46,138.14,138.16,4407.0,138.278,138.13915,1.047142857142859
2024-03-12 06:15:00,138.35,138.5,138.33,138.45,1872.0,138.278,138.1402,1.0014285714285742
2024-03-12 06:00:00,138.21,138.36,138.21,138.36,907.0,138.256,138.1405,0.8735714285714299
2024-03-12 05:45:00,138.4,138.4,138.2,138.23,3838.0,138.276,138.1405,0.7814285714285754
2024-03-12 05:30:00,138.4,138.5,138.39,138.39,3144.0,138.318,138.1275,0.6721428571428609
2024-03-12 05:15:00,138.21,138.48,138.21,138.44,2661.0,138.37399999999997,138.1165,0.500000000000002
2024-03-12 05:00:00,138.33,138.38,138.15,138.21,2781.0,138.326,138.1,0.365000000000001
2024-03-12 04:45:00,138.38,138.4,138.28,138.35,521.0,138.324,138.0895,0.3442857142857138
2024-03-12 04:30:00,138.19,138.43,138.05,138.38,2129.0,138.35399999999998,138.1095,0.2835714285714265
2024-03-12 04:15:00,138.19,138.31,138.04,138.25,2927.0,138.326,138.1715,0.29214285714285537
2024-03-12 04:00:00,138.88,138.88,138.19,138.2,7279.0,138.27800000000002,138.245,0.31785714285714
2024-03-11 19:45:00,138.37,138.55,136.6,138.2,3740.0,138.276,138.32,0.4314285714285709
2024-03-11 19:30:00,138.35,138.57,138.25,138.4,6104.0,138.286,138.30749999999998,0.4300000000000007
2024-03-11 19:15:00,138.36,138.5,138.25,138.48,3663.0,138.30599999999998,138.3165,0.43571428571428733
2024-03-11 19:00:00,138.3,138.51,138.2,138.45,1122.0,138.346,138.322,0.4350000000000002
2024-03-11 18:45:00,138.33,138.55,138.2,138.23,3978.0,138.35199999999998,138.3205,0.43571428571428733
2024-03-11 18:30:00,138.36,138.59,138.11,138.32,8545.0,138.376,138.314,0.4528571428571451
2024-03-11 18:15:00,138.38,138.5,138.35,138.41,4092.0,138.378,138.311,0.45142857142857296
2024-03-11 18:00:00,138.1,138.5,138.0,138.4,8222.0,138.362,138.3245,0.4678571428571437
2024-03-11 17:45:00,138.099,138.1,138.0,138.1,2530.0,138.29199999999997,138.32049999999998,0.47714285714285964
2024-03-11 17:30:00,138.0,138.1,137.95,138.09,1337.0,138.264,138.31699999999998,0.46714285714286063
2024-03-11 17:15:00,138.05,138.08,137.67,138.0,13279.0,138.2,138.2945,0.48357142857143337
2024-03-11 17:00:00,132.248,144.748,130.652,138.08,4800.0,138.13400000000001,138.2805,1.4632857142857196
2024-03-11 16:45:00,138.04,138.08,130.097,137.67,687325.0,137.988,138.2525,2.009214285714291
2024-03-11 16:30:00,137.96,138.11,137.67,138.01,11824.0,137.97,138.2335,1.9913571428571504
2024-03-11 16:15:00,137.67,138.0,137.67,137.93,25579.0,137.938,138.208,1.8763571428571493
2024-03-11 16:00:00,137.71,138.22,137.61,137.93,5046462.0,137.924,138.194,1.893500000000005
2024-03-11 15:45:00,137.875,137.96,137.55,137.71,3615468.0,137.85,138.16199999999998,1.9049285714285762
2024-03-11 15:30:00,138.02,138.2,137.69,137.88,1163261.0,137.892,138.137,1.9192142857142898
2024-03-11 15:15:00,138.36,138.385,138.01,138.02,964643.0,137.894,138.1255,1.9302857142857164
2024-03-11 15:00:00,138.55,138.61,138.35,138.355,578851.0,137.97899999999998,138.13325,1.9381428571428603
2024-03-11 14:45:00,138.638,138.665,138.47,138.55,429783.0,138.103,138.15075000000002,1.9474285714285742
2024-03-11 14:30:00,138.49,138.65,138.36,138.64,437628.0,138.28900000000002,138.16275000000002,1.9324285714285736
2024-03-11 14:15:00,138.43,138.555,138.325,138.487,1584042.0,138.4104,138.16310000000001,1.9263571428571444
2024-03-11 14:00:00,138.44,138.5,138.31,138.42,544809.0,138.4904,138.1616,1.9292142857142867
2024-03-11 13:45:00,138.49,138.56,138.33,138.445,556120.0,138.5084,138.17235,1.9156428571428563
2024-03-11 13:30:00,138.7,138.8,138.45,138.49,723164.0,138.4964,138.18085000000002,0.9341428571428574
2024-03-11 13:15:00,138.47,138.77,138.41,138.69,575551.0,138.50639999999999,138.19485000000003,0.389642857142858
2024-03-11 13:00:00,138.74,138.795,138.386,138.475,616971.0,138.504,138.1986,0.38742857142856985
2024-03-11 12:45:00,138.51,138.785,138.47,138.74,485823.0,138.56799999999998,138.2306,0.3856428571428552
2024-03-11 12:30:00,138.565,138.645,138.31,138.51,674077.0,138.581,138.2516,0.3727857142857139
2024-03-11 12:15:00,138.516,138.735,138.43,138.565,743776.0,138.596,138.27985,0.3652857142857146
2024-03-11 12:00:00,139.035,139.095,138.49,138.515,829340.0,138.56099999999998,138.3016,0.3720714285714288
2024-03-11 11:45:00,138.79,139.06,138.67,139.033,1086675.0,138.67260000000002,138.36975,0.3749285714285731
2024-03-11 11:30:00,138.295,138.865,138.2,138.79,1099157.0,138.6826,138.40875,0.3922857142857156
2024-03-11 11:15:00,138.21,138.44,138.02,138.29,947949.0,138.6386,138.42675,0.425142857142857
2024-03-11 11:00:00,138.19,138.4,137.96,138.21,953783.0,138.5676,138.44075,0.4358571428571431
2024-03-11 10:45:00,138.1,138.45,138.0,138.21,1334638.0,138.5066,138.46575,0.4454999999999996
2024-03-11 10:30:00,137.97,138.29,137.72,138.105,1204577.0,138.321,138.477,0.4726428571428564
2024-03-11 10:15:00,137.865,138.294,137.755,137.98,1108509.0,138.159,138.475,0.4947142857142869
2024-03-11 10:00:00,137.61,138.33,137.49,137.87,1488211.0,138.075,138.45075,0.529357142857143
2024-03-11 09:45:00,137.745,138.03,137.2,137.61,1524924.0,137.95499999999998,138.40375,0.5629285714285714
2024-03-11 09:30:00,136.13,137.94,136.13,137.75,2995507.0,137.863,138.35925,0.6630000000000008
2024-03-11 09:15:00,136.02,136.68,136.01,136.18,87781.0,137.478,138.2439,0.7647857142857158
2024-03-11 09:00:00,135.62,136.12,135.41,136.09,29462.0,137.1,138.1274,0.7890714285714304
2024-03-11 08:45:00,135.261,137.195,135.24,135.66,15708.0,136.658,137.98815,0.9069285714285716
2024-03-11 08:30:00,135.23,135.499,135.22,135.29,24119.0,136.19400000000002,137.82815,0.8951428571428579
2024-03-11 08:15:00,135.09,135.38,135.08,135.23,10075.0,135.69,137.65515,0.8776428571428555
2024-03-11 08:00:00,134.835,135.93,134.428,135.1,56600.0,135.474,137.4864,0.9254285714285706
2024-03-11 07:45:00,135.7,135.73,135.34,135.34,9954.0,135.324,137.3164,0.9154285714285716
2024-03-11 07:30:00,135.46,135.73,135.35,135.73,8237.0,135.33800000000002,137.17739999999998,0.9118571428571423
2024-03-11 07:15:00,135.38,135.49,135.33,135.47,5621.0,135.37399999999997,137.02265,0.9082857142857128
2024-03-11 07:00:00,134.99,135.4,134.99,135.35,14383.0,135.39799999999997,136.8644,0.9018571428571411
2024-03-11 06:45:00,134.91,135.03,134.81,135.02,4663.0,135.382,136.66375,0.9019285714285681
2024-03-11 06:30:00,134.51,134.93,134.49,134.91,7245.0,135.296,136.46975,0.8797857142857107
2024-03-11 06:15:00,134.72,134.78,134.45,134.51,3964.0,135.052,136.28075,0.853357142857139
2024-03-11 06:00:00,134.77,134.86,134.7,134.75,4646.0,134.908,136.10775,0.7490714285714262
2024-03-11 05:45:00,134.72,134.91,134.69,134.72,4011.0,134.782,135.93325,0.6404999999999968
2024-03-11 05:30:00,135.24,135.24,134.68,134.68,8127.0,134.714,135.762,0.6254999999999963
2024-03-11 05:15:00,135.34,135.34,135.12,135.24,4050.0,134.78,135.625,0.5329999999999971
2024-03-11 05:00:00,135.33,135.37,135.2,135.3,4064.0,134.93800000000002,135.49650000000003,0.5137142857142842
2024-03-11 04:45:00,135.22,135.24,134.66,135.24,6110.0,135.036,135.378,0.5380000000000008
2024-03-11 04:30:00,135.23,135.37,135.01,135.18,3119.0,135.128,135.24949999999998,0.45642857142857246
2024-03-11 04:15:00,135.01,135.34,134.88,135.22,4846.0,135.23600000000002,135.2015,0.4442857142857162
2024-03-11 04:00:00,135.86,135.86,134.82,135.01,9069.0,135.19,135.14749999999998,0.4907142857142901
2024-03-08 19:45:00,135.21,135.5,135.21,135.49,7887.0,135.228,135.139,0.4971428571428638
2024-03-08 19:30:00,135.36,135.5,135.2,135.2,3324.0,135.22,135.1345,0.4842857142857225
2024-03-08 19:15:00,135.43,135.5,135.2,135.4,2833.0,135.26399999999998,135.143,0.46714285714286674
2024-03-08 19:00:00,135.49,135.5,135.35,135.5,7312.0,135.32,135.16299999999998,0.4400000000000099
2024-03-08 18:45:00,135.5,135.5,135.4,135.5,1284.0,135.41799999999998,135.171,0.4142857142857232
2024-03-08 18:30:00,135.45,135.5,135.45,135.5,611.0,135.42,135.1595,0.39285714285715095
2024-03-08 18:15:00,135.5,135.6,135.4,135.45,3544.0,135.47,135.1585,0.39142857142857884
2024-03-08 18:00:00,135.49,135.61,135.4,135.61,4412.0,135.512,135.17149999999998,0.3664285714285792
2024-03-08 17:45:00,135.41,135.61,135.4,135.546,4645.0,135.5212,135.1978,0.3342857142857229
2024-03-08 17:30:00,135.5,135.5,135.4,135.41,8411.0,135.5032,135.2228,0.33257142857143507
2024-03-08 17:15:00,135.45,135.55,135.41,135.5,6789.0,135.50320000000002,135.2723,0.29685714285714937
2024-03-08 17:00:00,135.48,135.52,135.45,135.49,10519.0,135.5112,135.30929999999998,0.27614285714286424
2024-03-08 16:45:00,135.41,135.5,129.299,135.48,19157.0,135.4852,135.3473,0.6862142857142918
2024-03-08 16:30:00,135.51,137.56,135.14,135.41,136062.0,135.458,135.3838,0.78478571428572
2024-03-08 16:15:00,135.41,135.59,135.41,135.54,25444.0,135.48399999999998,135.3988,0.7626428571428627
2024-03-08 16:00:00,135.4,135.72,135.39,135.42,7153021.0,135.468,135.4048,0.76478571428572
2024-03-08 15:45:00,135.43,135.67,135.335,135.4,3196362.0,135.45,135.4128,0.7672857142857177
2024-03-08 15:30:00,135.19,135.49,135.15,135.42,1524153.0,135.438,135.4248,0.780857142857146
2024-03-08 15:15:00,135.64,135.7,135.14,135.195,803575.0,135.39499999999998,135.42355,0.8137142857142895
2024-03-08 15:00:00,136.01,136.115,135.57,135.655,748689.0,135.41799999999998,135.4558,0.875857142857147
2024-03-08 14:45:00,136.1,136.235,135.94,136.02,834699.0,135.538,135.48229999999998,0.9030000000000058
2024-03-08 14:30:00,135.77,136.12,135.77,136.09,740162.0,135.676,135.5268,0.9130000000000048
2024-03-08 14:15:00,135.58,135.826,135.19,135.775,829419.0,135.747,135.54555,0.962285714285719
2024-03-08 14:00:00,135.72,135.875,135.51,135.57,927443.0,135.822,135.54905000000002,0.9779285714285777
2024-03-08 13:45:00,135.375,135.82,135.37,135.72,782074.0,135.83499999999998,135.56005,1.000071428571433
2024-03-08 13:30:00,135.26,135.49,134.97,135.38,1430205.0,135.707,135.55405000000002,1.04864285714286
2024-03-08 13:15:00,135.6,137.967,135.24,135.27,1235231.0,135.54299999999998,135.54505,0.8005000000000037
2024-03-08 13:00:00,136.14,136.17,135.56,135.6,1173318.0,135.50799999999998,135.54455000000002,0.6919285714285722
2024-03-08 12:45:00,136.63,136.63,136.1,136.14,846838.0,135.622,135.57424999999998,0.7526428571428576
2024-03-08 12:30:00,136.98,137.005,136.59,136.64,719175.0,135.80599999999998,135.63575,0.790857142857143
2024-03-08 12:15:00,136.77,137.07,136.755,136.98,934025.0,136.126,135.70974999999999,0.7976428571428593
2024-03-08 12:00:00,136.88,137.2,136.61,136.76,1172453.0,136.424,135.77325000000002,0.8155000000000001
2024-03-08 11:45:00,137.38,137.4,136.87,136.88,867555.0,136.68,135.84325,0.8212142857142867
2024-03-08 11:30:00,137.065,137.655,137.01,137.39,1294888.0,136.93,135.94225,0.8108571428571432
2024-03-08 11:15:00,137.84,138.085,137.055,137.07,1774533.0,137.016,136.01875,0.8429999999999994
2024-03-08 11:00:00,137.795,137.865,137.51,137.85,1391726.0,137.19,136.14024999999998,0.8747857142857153
2024-03-08 10:45:00,137.61,137.88,137.23,137.79,1123485.0,137.396,136.25975,0.8569285714285725
2024-03-08 10:30:00,137.46,137.85,137.36,137.62,1690797.0,137.54399999999998,136.36975,0.8658571428571419
2024-03-08 10:15:00,137.11,137.49,137.09,137.45,1560949.0,137.55599999999998,136.4825,0.8715714285714284
2024-03-08 10:00:00,136.91,137.64,136.89,137.12,1868522.0,137.566,136.55575000000002,0.8715714285714284
2024-03-08 09:45:00,135.95,136.95,135.92,136.905,1971591.0,137.377,136.6,0.7625000000000008
2024-03-08 09:30:00,134.21,135.96,134.0,135.94,2829677.0,137.007,136.5925,0.9057142857142882
2024-03-08 09:15:00,134.28,134.5,133.91,134.21,159781.0,136.325,136.51425,0.9771428571428596
2024-03-08 09:00:00,134.61,134.65,132.14,134.358,28007.0,135.7066,136.45364999999998,1.0946428571428604
2024-03-08 08:45:00,134.42,134.79,134.26,134.55,57771.0,135.1926,136.39515,1.101785714285717
2024-03-08 08:30:00,134.1,134.77,133.5,134.5,87580.0,134.7116,136.35115,1.1503571428571482
2024-03-08 08:15:00,134.16,134.39,134.032,134.1,296812.0,134.34359999999998,136.29265,1.1380714285714322
2024-03-08 08:00:00,134.514,135.32,133.75,134.21,70070.0,134.3436,136.22314999999998,1.1948571428571455
2024-03-08 07:45:00,133.83,134.06,133.73,134.0,5113.0,134.272,136.11615,1.1555714285714325
2024-03-08 07:30:00,133.94,134.01,133.83,133.85,4450.0,134.132,135.97665,1.1116428571428583
2024-03-08 07:15:00,134.16,134.19,133.91,133.94,9268.0,134.02,135.82465000000002,1.089500000000001
2024-03-08 07:00:00,134.07,134.24,134.05,134.17,5896.0,134.034,135.69514999999998,1.0759285714285747
2024-03-08 06:45:00,134.26,134.26,133.9,134.07,6443.0,134.006,135.55464999999998,1.0637857142857163
2024-03-08 06:30:00,134.4,134.41,134.25,134.26,6029.0,134.058,135.39815,1.0345000000000024
2024-03-08 06:15:00,134.41,134.58,134.38,134.4,3997.0,134.168,135.26465,0.9716428571428598
2024-03-08 06:00:00,134.42,134.45,134.39,134.43,4204.0,134.266,135.09365,0.7684285714285741
2024-03-08 05:45:00,134.44,134.45,134.35,134.4,3916.0,134.312,134.92415,0.6305714285714308
2024-03-08 05:30:00,134.57,134.64,134.42,134.44,8821.0,134.386,134.76515,0.4684285714285709
2024-03-08 05:15:00,134.65,134.76,134.56,134.58,2884.0,134.45,134.62165,0.45342857142857035
2024-03-08 05:00:00,134.82,134.88,134.64,134.64,6117.0,134.498,134.49765,0.3841428571428541
2024-03-08 04:45:00,134.72,134.88,134.68,134.86,5907.0,134.584,134.39540000000002,0.3678571428571412
2024-03-08 04:30:00,134.74,134.76,134.63,134.7,3385.0,134.644,134.3334,0.2721428571428573
2024-03-08 04:15:00,134.69,134.75,134.56,134.72,4627.0,134.7,134.3589,0.2514285714285701
2024-03-08 04:00:00,134.2,134.9,134.2,134.68,14179.0,134.72,134.375,0.28857142857143003
2024-03-07 19:45:00,134.36,134.47,134.1,134.36,5686.0,134.66400000000002,134.3655,0.3057142857142878
2024-03-07 19:30:00,134.16,134.46,134.01,134.36,8128.0,134.56400000000002,134.3585,0.31642857142857395
2024-03-07 19:15:00,133.9,134.25,133.8,134.17,4912.0,134.45800000000003,134.362,0.33071428571428946
2024-03-07 19:00:00,133.88,133.98,133.8,133.98,3576.0,134.31,134.3505,0.33285714285714463
2024-03-07 18:45:00,133.9,133.99,133.78,133.92,2300.0,134.158,134.34650000000002,0.3250000000000008
2024-03-07 18:30:00,133.95,134.38,133.61,133.84,519457.0,134.054,134.34599999999998,0.37571428571428506
2024-03-07 18:15:00,133.99,134.09,133.48,133.8,21968.0,133.94199999999998,134.339,0.41214285714285787
2024-03-07 18:00:00,134.0,134.1,133.89,134.0,12373.0,133.908,134.3305,0.4164285714285723
2024-03-07 17:45:00,134.18,134.25,134.0,134.01,5367.0,133.914,134.32750000000001,0.4114285714285728
2024-03-07 17:30:00,134.2,134.38,134.0,134.38,537675.0,134.006,134.33350000000002,0.4171428571428594
2024-03-07 17:15:00,134.23,136.12,134.09,134.18,99742.0,134.074,134.32250000000002,0.5450000000000017
2024-03-07 17:00:00,134.21,134.38,134.11,134.247,832458.0,134.1634,134.31334999999999,0.5478571428571419
2024-03-07 16:45:00,134.15,140.704,125.718,134.23,9568.0,134.20940000000002,134.30485000000002,1.6047142857142853
2024-03-07 16:30:00,134.011,134.38,133.98,134.15,20082.0,134.2374,134.29035000000002,1.583285714285713
2024-03-07 16:15:00,134.38,134.38,132.44,134.01,65299.0,134.1634,134.26184999999998,1.6804285714285692
2024-03-07 16:00:00,134.41,134.49,134.02,134.12,5731114.0,134.1514,134.23585,1.6825714285714264
2024-03-07 15:45:00,134.86,134.94,134.29,134.35,2811389.0,134.172,134.21035,1.7011428571428542
2024-03-07 15:30:00,134.505,134.86,134.485,134.86,1178823.0,134.298,134.21835000000002,1.7111428571428573
2024-03-07 15:15:00,134.375,134.525,134.34,134.5,717007.0,134.368,134.20735,1.7332857142857148
2024-03-07 15:00:00,134.63,134.63,134.28,134.375,819820.0,134.441,134.19209999999998,1.7032857142857156
2024-03-07 14:45:00,134.695,134.775,134.615,134.625,621423.0,134.542,134.20535,1.688285714285715
2024-03-07 14:30:00,134.757,134.89,134.69,134.7,635618.0,134.612,134.22235,1.6857857142857153
2024-03-07 14:15:00,134.535,134.76,134.53,134.755,1492076.0,134.59099999999998,134.2516,1.684357142857143
2024-03-07 14:00:00,134.838,134.92,134.465,134.54,865490.0,134.599,134.27960000000002,1.689714285714285
2024-03-07 13:45:00,134.58,134.935,134.47,134.835,924526.0,134.69099999999997,134.32535000000001,1.577928571428571
2024-03-07 13:30:00,134.46,134.71,134.36,134.58,662332.0,134.682,134.36235000000002,1.592571428571429
2024-03-07 13:15:00,134.715,134.83,134.305,134.442,824387.0,134.6304,134.39445,0.5596428571428577
2024-03-07 13:00:00,134.645,134.89,134.52,134.72,885945.0,134.6234,134.43045,0.5630714285714272
2024-03-07 12:45:00,134.46,134.65,134.33,134.645,902703.0,134.6444,134.4622,0.45235714285714074
2024-03-07 12:30:00,134.305,134.665,134.27,134.466,948103.0,134.57059999999998,134.46650000000002,0.44628571428570957
2024-03-07 12:15:00,134.37,134.54,134.14,134.305,876841.0,134.5156,134.47275,0.41628571428571043
2024-03-07 12:00:00,134.305,134.66,134.21,134.365,1018737.0,134.5002,134.47865,0.411999999999994
2024-03-07 11:45:00,134.185,134.58,134.05,134.31,1475010.0,134.4182,134.48265,0.41271428571427904
2024-03-07 11:30:00,133.828,134.45,133.63,134.19,1941500.0,134.3272,134.48465,0.4462857142857075
2024-03-07 11:15:00,133.715,133.87,133.46,133.83,803102.0,134.2,134.47565000000003,0.4698571428571349
2024-03-07 11:00:00,133.34,133.715,133.27,133.715,956594.0,134.082,134.4554,0.49092857142856466
2024-03-07 10:45:00,133.398,133.653,133.24,133.34,1058361.0,133.877,134.4049,0.508428571428565
2024-03-07 10:30:00,133.52,133.605,132.98,133.39,1265336.0,133.693,134.3314,0.5205714285714232
2024-03-07 10:15:00,132.89,133.61,132.89,133.517,1634338.0,133.55839999999998,134.28225,0.5387857142857106
2024-03-07 10:00:00,132.47,133.04,132.36,132.88,1448579.0,133.3684,134.2075,0.5874999999999956
2024-03-07 09:45:00,131.79,132.49,131.61,132.48,1449527.0,133.1214,134.10025,0.6407142857142796
2024-03-07 09:30:00,132.795,132.85,131.77,131.78,3382626.0,132.8094,133.95425,0.6858571428571371
2024-03-07 09:15:00,132.48,133.23,132.45,132.72,213263.0,132.6754,133.8525,0.7615714285714229
2024-03-07 09:00:00,132.5,132.55,132.42,132.49,31613.0,132.46999999999997,133.75,0.7547857142857107
2024-03-07 08:45:00,132.38,132.58,131.4,132.5,93767.0,132.394,133.63325,0.8104999999999966
2024-03-07 08:30:00,132.38,132.48,132.22,132.38,84748.0,132.374,133.52325000000002,0.7983571428571403
2024-03-07 08:15:00,132.118,132.44,131.4,132.44,59741.0,132.506,133.42315,0.834785714285711
2024-03-07 08:00:00,131.287,132.31,130.01,132.15,73428.0,132.392,133.29465,0.949785714285712
2024-03-07 07:45:00,132.25,132.25,132.08,132.14,12105.0,132.322,133.1694,0.9097857142857119
2024-03-07 07:30:00,132.22,132.29,132.2,132.25,24992.0,132.272,133.05859999999998,0.8804999999999978
2024-03-07 07:15:00,132.18,132.23,132.1,132.23,31137.0,132.24200000000002,132.95485,0.857285714285713
2024-03-07 07:00:00,132.32,132.42,132.09,132.18,34627.0,132.19,132.84560000000002,0.8362142857142832
2024-03-07 06:45:00,131.82,132.36,131.8,132.3,11809.0,132.22,132.74509999999998,0.82478571428571
2024-03-07 06:30:00,131.78,131.8,131.69,131.79,5080.0,132.15,132.62510000000003,0.7857142857142837
2024-03-07 06:15:00,131.74,131.81,131.6,131.77,8738.0,132.054,132.5221,0.7099999999999999
2024-03-07 06:00:00,131.58,131.78,131.53,131.7,4024.0,131.948,132.42135000000002,0.6507142857142867
2024-03-07 05:45:00,131.47,131.58,131.46,131.55,2603.0,131.822,132.33185,0.5642857142857147
2024-03-07 05:30:00,131.41,131.49,131.35,131.44,1821.0,131.65,132.23435,0.5571428571428579
2024-03-07 05:15:00,131.48,131.58,131.38,131.47,2156.0,131.586,132.132,0.4871428571428587
2024-03-07 05:00:00,131.16,131.5,131.09,131.48,4604.0,131.528,132.062,0.49642857142857266
2024-03-07 04:45:00,131.3,131.3,131.09,131.11,2073.0,131.41,131.9935,0.4500000000000008
2024-03-07 04:30:00,131.25,131.34,131.2,131.24,2734.0,131.348,131.9665,0.2928571428571424
2024-03-07 04:15:00,131.22,131.4,131.21,131.25,5877.0,131.31,131.893,0.2942857142857146
2024-03-07 04:00:00,130.93,131.31,130.52,131.22,7125.0,131.26,131.8295,0.33999999999999936
2024-03-06 19:45:00,131.17,131.25,130.97,131.21,19674.0,131.20600000000002,131.765,0.3492857142857133
2024-03-06 19:30:00,131.21,131.38,131.1,131.18,3457.0,131.22,131.70499999999998,0.345714285714286
2024-03-06 19:15:00,131.69,131.69,131.2,131.4,5926.0,131.252,131.65300000000002,0.3421428571428566
2024-03-06 19:00:00,131.528,131.72,131.51,131.55,4150.0,131.312,131.623,0.3214285714285694
2024-03-06 18:45:00,131.75,131.75,131.45,131.56,7811.0,131.38000000000002,131.594,0.32785714285714107
2024-03-06 18:30:00,131.7,131.78,131.55,131.75,3177.0,131.488,131.56900000000002,0.3264285714285689
2024-03-06 18:15:00,131.85,131.85,131.52,131.65,2380.0,131.58200000000002,131.54000000000002,0.3328571428571406
2024-03-06 18:00:00,131.83,131.87,131.5,131.85,4349.0,131.67199999999997,131.52349999999998,0.3449999999999968
2024-03-06 17:45:00,131.7,131.85,131.42,131.66,7288.0,131.69400000000002,131.49150000000003,0.36142857142856755
2024-03-06 17:30:00,131.85,131.89,131.65,131.66,7779.0,131.714,131.48499999999999,0.34928571428570926
2024-03-06 17:15:00,131.37,132.0,131.3,131.85,54879.0,131.73399999999998,131.48899999999998,0.37142857142856656
2024-03-06 17:00:00,131.41,131.43,131.34,131.35,4410.0,131.67399999999998,131.4715,0.39142857142856663
2024-03-06 16:45:00,131.49,132.492,123.703,131.43,315191.0,131.59,131.4655,1.0056428571428515
2024-03-06 16:30:00,131.4,131.49,131.36,131.45,18873.0,131.548,131.466,0.9584999999999947
2024-03-06 16:15:00,131.4,131.43,131.35,131.38,7776.0,131.49200000000002,131.4615,0.9456428571428513
2024-03-06 16:00:00,131.37,131.559,131.29,131.36,8927403.0,131.394,131.4555,0.9448571428571374
2024-03-06 15:45:00,131.39,131.54,131.215,131.39,2609527.0,131.402,131.46949999999998,0.9316428571428516
2024-03-06 15:30:00,131.36,131.55,131.21,131.38,1030316.0,131.392,131.47650000000002,0.9330714285714237
2024-03-06 15:15:00,131.3,131.57,131.21,131.36,769041.0,131.37399999999997,131.482,0.9373571428571361
2024-03-06 15:00:00,131.17,131.48,131.1,131.29,868201.0,131.35600000000002,131.4855,0.9480714285714222
2024-03-06 14:45:00,131.38,131.49,131.06,131.175,783892.0,131.31900000000002,131.48375000000001,0.955214285714281
2024-03-06 14:30:00,131.65,131.745,131.245,131.39,797484.0,131.319,131.49425,0.9694999999999945
2024-03-06 14:15:00,131.35,131.69,131.18,131.64,647168.0,131.37099999999998,131.50625,0.975214285714279
2024-03-06 14:00:00,131.6,131.745,131.3,131.34,856354.0,131.367,131.49575,0.9898571428571371
2024-03-06 13:45:00,131.763,131.8,131.23,131.6,752396.0,131.429,131.49775,0.9805714285714251
2024-03-06 13:30:00,131.83,131.885,131.015,131.77,1057385.0,131.548,131.49875000000003,1.0062857142857118
2024-03-06 13:15:00,131.68,131.845,131.58,131.825,775010.0,131.635,131.5075,0.3974285714285689
2024-03-06 13:00:00,131.48,131.678,131.47,131.67,1656639.0,131.64100000000002,131.4985,0.41349999999999704
2024-03-06 12:45:00,131.595,131.595,131.342,131.48,639193.0,131.669,131.4895,0.42978571428570994
2024-03-06 12:30:00,131.85,132.09,131.485,131.6,946347.0,131.66899999999998,131.4865,0.45414285714285335
2024-03-06 12:15:00,131.78,131.99,131.71,131.84,752466.0,131.683,131.48600000000002,0.4587857142857124
2024-03-06 12:00:00,131.513,131.79,131.405,131.78,1347423.0,131.67399999999998,131.5075,0.4655714285714266
2024-03-06 11:45:00,131.4,131.56,131.31,131.51,795677.0,131.642,131.5115,0.4734285714285704
2024-03-06 11:30:00,131.51,131.56,131.25,131.39,794520.0,131.624,131.5085,0.4684285714285709
2024-03-06 11:15:00,131.32,131.518,131.295,131.51,609659.0,131.606,131.515,0.45364285714285707
2024-03-06 11:00:00,131.135,131.61,131.135,131.31,966496.0,131.5,131.5125,0.4468571428571449
2024-03-06 10:45:00,130.98,131.39,130.91,131.135,1074874.0,131.371,131.49975,0.44471428571428767
2024-03-06 10:30:00,131.24,131.4,130.85,130.97,1707466.0,131.263,131.47924999999998,0.45221428571428895
2024-03-06 10:15:00,131.33,131.79,131.195,131.238,1423170.0,131.2326,131.47315,0.4700714285714298
2024-03-06 10:00:00,131.91,131.93,131.11,131.32,1486456.0,131.19459999999998,131.47465,0.4665000000000004
2024-03-06 09:45:00,132.7,132.75,131.68,131.915,1508741.0,131.3156,131.51164999999997,0.5497142857142876
2024-03-06 09:30:00,133.12,133.58,132.53,132.7,2425991.0,131.62859999999998,131.57715000000002,0.6432857142857183
2024-03-06 09:15:00,133.46,133.59,133.0,133.19,84525.0,132.07260000000002,131.65465,0.6834285714285784
2024-03-06 09:00:00,133.46,133.57,133.26,133.5,50235.0,132.525,131.76265,0.6670000000000057
2024-03-06 08:45:00,133.3,133.56,131.43,133.48,43318.0,132.95700000000002,131.85665,0.7912857142857186
2024-03-06 08:30:00,132.86,133.34,132.77,133.3,48606.0,133.23399999999998,131.93315,0.8109285714285741
2024-03-06 08:15:00,133.37,133.5,132.84,132.84,45822.0,133.262,131.9839,0.8245000000000025
2024-03-06 08:00:00,133.407,133.948,132.61,133.32,82156.0,133.28799999999998,132.0664,0.8979285714285733
2024-03-06 07:45:00,133.52,133.55,133.34,133.38,17423.0,133.26399999999998,132.1614,0.8984285714285737
2024-03-06 07:30:00,133.47,133.59,133.47,133.53,22890.0,133.27399999999997,132.2579,0.8795000000000012
2024-03-06 07:15:00,133.35,133.46,133.3,133.46,21606.0,133.30599999999998,132.33890000000002,0.8616428571428584
2024-03-06 07:00:00,133.36,133.47,133.16,133.35,15457.0,133.408,132.4174,0.8445000000000006
2024-03-06 06:45:00,133.51,133.53,133.21,133.3,4434.0,133.404,132.5069,0.8087857142857148
2024-03-06 06:30:00,133.6,133.62,133.49,133.5,6185.0,133.42800000000003,132.6124,0.7730714285714291
2024-03-06 06:15:00,133.6,133.6,133.54,133.6,4807.0,133.442,132.7169,0.6780714285714282
2024-03-06 06:00:00,133.51,133.6,133.51,133.6,8591.0,133.47,132.8314,0.565571428571427
2024-03-06 05:45:00,133.72,133.77,133.51,133.56,7250.0,133.512,132.95265,0.5205714285714274
2024-03-06 05:30:00,133.81,133.86,133.68,133.68,3738.0,133.58800000000002,133.08814999999998,0.5148571428571428
2024-03-06 05:15:00,133.87,133.91,133.75,133.81,5416.0,133.65,133.21675,0.3791428571428566
2024-03-06 05:00:00,133.75,133.96,133.75,133.87,6267.0,133.704,133.34425000000002,0.3434285714285729
2024-03-06 04:45:00,133.7,133.94,133.52,133.79,14765.0,133.74200000000002,133.43800000000002,0.3262857142857151
2024-03-06 04:30:00,133.34,133.75,133.33,133.69,7665.0,133.768,133.4875,0.2635714285714284
2024-03-06 04:15:00,133.27,133.5,133.21,133.33,7444.0,133.698,133.4945,0.28142857142856925
2024-03-06 04:00:00,132.57,133.32,132.57,133.32,5011.0,133.6,133.4855,0.32071428571428434
2024-03-05 19:45:00,132.68,132.68,132.36,132.59,3836.0,133.344,133.44099999999997,0.3728571428571407
2024-03-05 19:30:00,132.7,132.7,132.55,132.63,2265.0,133.112,133.4075,0.36142857142856755
2024-03-05 19:15:00,132.69,132.71,132.62,132.7,1078.0,132.91400000000002,133.4005,0.3449999999999968
2024-03-05 19:00:00,132.68,132.74,132.62,132.62,2988.0,132.772,133.3655,0.33071428571428335
2024-03-05 18:45:00,132.8,132.9,132.62,132.71,4952.0,132.65,133.33200000000002,0.3435714285714267
2024-03-05 18:30:00,132.59,133.06,130.85,132.8,6765.0,132.692,133.2955,0.49499999999999844
2024-03-05 18:15:00,132.73,132.85,132.52,132.62,4224.0,132.69,133.25349999999997,0.49999999999999595
2024-03-05 18:00:00,132.88,132.92,132.51,132.73,7226.0,132.696,133.2225,0.5078571428571378
2024-03-05 17:45:00,132.94,132.94,132.84,132.92,2176.0,132.756,133.2035,0.5064285714285676
2024-03-05 17:30:00,132.83,132.96,132.75,132.84,2754.0,132.78199999999998,133.1705,0.5064285714285676
2024-03-05 17:15:00,132.86,133.0,132.75,132.8,8388.0,132.78199999999998,133.1305,0.4942857142857114
2024-03-05 17:00:00,132.9,132.9,132.82,132.86,9082.0,132.82999999999998,133.0935,0.4685714285714267
2024-03-05 16:45:00,132.83,135.136,124.256,132.9,47178.0,132.86399999999998,133.0605,1.21142857142857
2024-03-05 16:30:00,132.9,132.9,132.67,132.83,35038.0,132.846,133.01799999999997,1.173571428571427
2024-03-05 16:15:00,132.67,132.98,131.714,132.9,113359.0,132.858,132.9725,1.1954285714285706
2024-03-05 16:00:00,132.7,135.525,132.029,132.82,8533467.0,132.86200000000002,132.92000000000002,1.434428571428573
2024-03-05 15:45:00,132.225,132.72,132.22,132.7,2701140.0,132.83,132.8655,1.4708571428571438
2024-03-05 15:30:00,132.045,132.24,132.0,132.23,1199210.0,132.69599999999997,132.7925,1.512285714285714
2024-03-05 15:15:00,132.11,132.23,131.945,132.04,1160472.0,132.538,132.728,1.5126428571428565
2024-03-05 15:00:00,132.12,132.22,132.03,132.105,841544.0,132.37899999999996,132.66725,1.3683571428571415
2024-03-05 14:45:00,132.23,132.3,132.05,132.125,649755.0,132.23999999999998,132.644,1.362642857142857
2024-03-05 14:30:00,132.325,132.36,132.205,132.23,536343.0,132.14600000000002,132.624,1.3501428571428582
2024-03-05 14:15:00,132.375,132.52,132.295,132.32,520422.0,132.164,132.60500000000002,1.3558571428571449
2024-03-05 14:00:00,132.37,132.567,132.26,132.375,544769.0,132.231,132.59275,1.362785714285717
2024-03-05 13:45:00,132.465,132.635,132.35,132.376,650596.0,132.2852,132.57604999999998,1.3652857142857167
2024-03-05 13:30:00,132.745,132.795,132.44,132.465,610335.0,132.35320000000002,132.5593,1.3880714285714302
2024-03-05 13:15:00,132.795,132.979,132.71,132.745,639216.0,132.4562,132.56554999999997,0.6476428571428597
2024-03-05 13:00:00,132.805,132.94,132.545,132.795,662890.0,132.55120000000002,132.5688,0.6594285714285734
2024-03-05 12:45:00,133.055,133.135,132.61,132.8,794867.0,132.6362,132.5628,0.606500000000001
2024-03-05 12:30:00,133.085,133.105,132.815,133.055,1037860.0,132.772,132.57355,0.37857142857142734
2024-03-05 12:15:00,132.515,133.11,132.43,133.085,1131365.0,132.89600000000002,132.5878,0.38428571428571395
2024-03-05 12:00:00,131.815,132.52,131.81,132.52,935698.0,132.85100000000003,132.57080000000002,0.42535714285714377
2024-03-05 11:45:00,131.34,131.84,131.27,131.815,773466.0,132.655,132.51655,0.49428571428571544
2024-03-05 11:30:00,131.53,131.565,131.275,131.34,1017291.0,132.363,132.44205000000002,0.519285714285715
2024-03-05 11:15:00,131.35,131.61,131.34,131.53,1416599.0,132.058,132.37355,0.5207142857142871
2024-03-05 11:00:00,130.905,131.4,130.84,131.35,1288159.0,131.71099999999998,132.30005,0.553214285714286
2024-03-05 10:45:00,130.835,131.12,130.665,130.905,1586809.0,131.38799999999998,132.21030000000002,0.5814285714285704
2024-03-05 10:30:00,130.92,130.972,130.72,130.84,1688392.0,131.193,132.14079999999998,0.5774999999999986
2024-03-05 10:15:00,131.45,131.47,130.82,130.925,2890973.0,131.10999999999999,132.08505,0.6035714285714278
2024-03-05 10:00:00,132.0,132.37,131.35,131.45,2013023.0,131.094,132.0523,0.6768571428571428
2024-03-05 09:45:00,132.245,132.5,131.92,131.99,2039371.0,131.222,132.04555,0.7151428571428572
2024-03-05 09:30:00,131.88,133.24,131.84,132.238,4348230.0,131.4886,132.04595,0.7869285714285711
2024-03-05 09:15:00,131.96,132.1,131.5,131.89,181989.0,131.6986,132.02445,0.8021428571428585
2024-03-05 09:00:00,132.016,132.12,131.88,131.97,84205.0,131.9076,132.0042,0.7975000000000035
2024-03-05 08:45:00,132.21,132.21,131.96,131.99,33182.0,132.0156,131.9849,0.7667857142857173
2024-03-05 08:30:00,132.17,133.35,132.11,132.14,77002.0,132.04559999999998,131.96865,0.7728571428571444
2024-03-05 08:15:00,132.49,133.35,132.15,132.18,275816.0,132.03400000000002,131.9404,0.7700000000000021
2024-03-05 08:00:00,132.6,133.35,132.1,132.5,594929.0,132.156,131.92565,0.8207142857142884
2024-03-05 07:45:00,132.19,132.38,132.11,132.31,12675.0,132.224,131.90114999999997,0.8292857142857153
2024-03-05 07:30:00,132.31,132.36,132.1,132.2,11146.0,132.26600000000002,131.85840000000002,0.798571428571431
2024-03-05 07:15:00,132.37,132.4,132.25,132.31,12426.0,132.3,131.81965,0.763928571428575
2024-03-05 07:00:00,132.59,132.62,132.3,132.37,24114.0,132.338,131.81215,0.7687857142857167
2024-03-05 06:45:00,132.59,132.69,132.52,132.59,8500.0,132.356,131.8509,0.7452142857142873
2024-03-05 06:30:00,132.74,132.76,132.59,132.62,5294.0,132.418,131.9149,0.6541428571428582
2024-03-05 06:15:00,132.67,132.77,132.67,132.71,3750.0,132.52,131.97390000000001,0.5898571428571435
2024-03-05 06:00:00,132.57,132.72,132.52,132.67,4375.0,132.592,132.03990000000002,0.5041428571428567
2024-03-05 05:45:00,132.69,132.7,132.55,132.55,4130.0,132.62800000000001,132.12214999999998,0.462142857142855
2024-03-05 05:30:00,132.65,132.72,132.6,132.67,2648.0,132.644,132.21365,0.45714285714285346
2024-03-05 05:15:00,132.61,132.69,132.58,132.65,3912.0,132.65,132.2999,0.44714285714285246
2024-03-05 05:00:00,132.76,132.78,132.6,132.61,3686.0,132.63,132.3579,0.3628571428571397
2024-03-05 04:45:00,132.77,132.8,132.59,132.8,5889.0,132.656,132.39839999999998,0.29142857142856826
2024-03-05 04:30:00,132.65,132.75,132.56,132.75,8458.0,132.696,132.424,0.21928571428571178
2024-03-05 04:15:00,132.71,132.82,132.62,132.62,10830.0,132.686,132.4605,0.20571428571428335
2024-03-05 04:00:00,132.14,133.05,132.14,132.7,13573.0,132.696,132.497,0.25214285714285517
2024-03-04 19:45:00,133.03,133.1,133.0,133.05,11156.0,132.78400000000002,132.55,0.2664285714285687
2024-03-04 19:30:00,133.02,133.03,133.0,133.0,4055.0,132.824,132.59300000000002,0.2471428571428557
2024-03-04 19:15:00,133.14,133.16,133.0,133.0,5734.0,132.87400000000002,132.63400000000001,0.2357142857142845
2024-03-04 19:00:00,133.07,133.2,133.02,133.139,8658.0,132.97779999999997,132.66595,0.2378571428571417
2024-03-04 18:45:00,133.1,133.15,133.01,133.08,4539.0,133.0538,132.70445,0.23714285714285666
2024-03-04 18:30:00,133.1,133.12,133.0,133.1,5834.0,133.06380000000001,132.74945,0.23142857142857207
2024-03-04 18:15:00,133.12,142.357,125.139,133.1,7751.0,133.0838,132.78895,1.450571428571431
2024-03-04 18:00:00,133.24,133.35,127.83,132.494,7089.0,132.9826,132.79515,1.8327142857142888
2024-03-04 17:45:00,133.33,133.35,133.22,133.22,9974.0,132.9988,132.82665,1.886000000000004
2024-03-04 17:30:00,133.28,138.17,133.23,133.3,6230.0,133.0428,132.86065000000002,2.226714285714288
2024-03-04 17:15:00,133.37,133.37,133.25,133.28,9839.0,133.0788,132.88915,2.2202857142857164
2024-03-04 17:00:00,133.41,133.41,133.29,133.37,72798.0,133.1328,132.92415,2.2124285714285725
2024-03-04 16:45:00,133.46,133.47,133.35,133.4,109252.0,133.31400000000002,132.96665000000002,2.206714285714288
2024-03-04 16:30:00,133.43,133.5,133.41,133.48,12455.0,133.366,133.00715,2.148857142857143
2024-03-04 16:15:00,133.35,138.68,133.35,133.42,34739.0,133.39,133.04565,2.501000000000001
2024-03-04 16:00:00,133.3,133.41,132.951,133.38,6151294.0,133.41,133.08415,2.530928571428571
2024-03-04 15:45:00,133.615,133.63,133.21,133.3,4053513.0,133.39600000000002,133.10915,2.5494999999999988
2024-03-04 15:30:00,133.646,133.75,133.36,133.615,1824713.0,133.43900000000002,133.1524,2.5673571428571416
2024-03-04 15:15:00,133.665,133.855,133.61,133.65,1445935.0,133.473,133.2039,2.5748571428571387
2024-03-04 15:00:00,133.57,133.749,133.4,133.67,1241186.0,133.523,133.25240000000002,2.5912142857142806
2024-03-04 14:45:00,133.38,133.69,133.145,133.58,1158752.0,133.56300000000002,133.2789,1.4002857142857081
2024-03-04 14:30:00,132.95,133.39,132.87,133.375,1303290.0,133.578,133.29765,1.0567142857142804
2024-03-04 14:15:00,132.75,133.005,132.745,132.95,1021313.0,133.445,133.29514999999998,1.0405714285714234
2024-03-04 14:00:00,132.615,132.8,132.58,132.745,832805.0,133.26399999999998,133.27545,0.7134285714285653
2024-03-04 13:45:00,132.615,132.66,132.42,132.62,795194.0,133.054,133.25245,0.7280714285714234
2024-03-04 13:30:00,132.565,132.68,132.54,132.605,687607.0,132.85899999999998,133.2277,0.7287857142857105
2024-03-04 13:15:00,132.62,132.66,132.521,132.565,842285.0,132.697,133.20094999999998,0.7301428571428537
2024-03-04 13:00:00,132.89,132.92,132.61,132.624,1145867.0,132.63180000000003,133.20745,0.7483571428571391
2024-03-04 12:45:00,132.685,133.02,132.635,132.881,1158028.0,132.659,133.1905,0.3959285714285678
2024-03-04 12:30:00,132.81,132.9,132.63,132.685,998904.0,132.67199999999997,133.15974999999997,0.3817142857142833
2024-03-04 12:15:00,132.405,132.81,132.355,132.803,1245149.0,132.7116,133.13590000000002,0.38421428571428506
2024-03-04 12:00:00,132.37,132.45,132.19,132.4,1932211.0,132.67860000000002,133.08739999999997,0.39585714285714296
2024-03-04 11:45:00,132.35,132.45,132.2,132.37,1605464.0,132.62779999999998,133.03590000000003,0.3962142857142875
2024-03-04 11:30:00,132.46,132.575,132.18,132.36,2146422.0,132.5236,132.9799,0.39950000000000124
2024-03-04 11:15:00,132.215,132.54,131.91,132.465,3853510.0,132.4796,132.93215,0.4055714285714304
2024-03-04 11:00:00,133.0,133.055,132.05,132.2,3176322.0,132.359,132.87314999999998,0.4266428571428581
2024-03-04 10:45:00,133.23,133.325,132.95,133.0,1837401.0,132.47899999999998,132.85815,0.46200000000000124
2024-03-04 10:30:00,133.09,133.525,132.9,133.24,2356081.0,132.65300000000002,132.8394,0.4802142857142887
2024-03-04 10:15:00,133.24,133.27,132.91,133.084,2254466.0,132.7978,132.81109999999998,0.4827142857142884
2024-03-04 10:00:00,133.33,135.52,133.21,133.23,2577997.0,132.95080000000002,132.7891,0.6467142857142879
2024-03-04 09:45:00,133.22,133.38,132.79,133.34,3170335.0,133.1788,132.7771,0.6789285714285731
2024-03-04 09:30:00,135.66,135.66,132.91,133.224,7000921.0,133.22359999999998,132.76955,0.8500000000000024
2024-03-04 09:15:00,136.007,136.23,135.09,135.55,86681.0,133.6856,132.89955,1.0364285714285728
2024-03-04 09:00:00,135.67,136.11,135.64,136.06,72101.0,134.2808,133.0653,1.057142857142858
2024-03-04 08:45:00,136.1,136.11,135.64,135.7,68243.0,134.7748,133.2193,1.0582142857142876
2024-03-04 08:30:00,136.14,136.2,136.04,136.1,31052.0,135.3268,133.39405,1.050142857142859
2024-03-04 08:15:00,136.2,136.26,136.1,136.13,24385.0,135.908,133.5723,1.0437142857142874
2024-03-04 08:00:00,136.7,137.76,136.05,136.17,124022.0,136.03199999999998,133.7496,1.1376428571428587
2024-03-04 07:45:00,136.56,136.56,136.2,136.2,19559.0,136.06,133.91555,1.120500000000003
2024-03-04 07:30:00,136.67,136.68,136.5,136.52,14080.0,136.224,134.1073,1.0830000000000044
2024-03-04 07:15:00,136.69,136.7,136.52,136.66,16404.0,136.336,134.30014999999997,1.015500000000003
2024-03-04 07:00:00,136.65,136.7,136.52,136.65,16974.0,136.44,134.51265,0.9837142857142871
2024-03-04 06:45:00,136.61,136.69,136.58,136.65,5362.0,136.536,134.72665,0.9658571428571422
2024-03-04 06:30:00,136.62,136.64,136.55,136.58,3577.0,136.61200000000002,134.93765000000002,0.7989999999999985
2024-03-04 06:15:00,136.47,136.65,136.42,136.62,4543.0,136.632,135.1454,0.7732857142857138
2024-03-04 06:00:00,136.6,136.6,136.3,136.49,10762.0,136.598,135.3599,0.5997142857142848
2024-03-04 05:45:00,136.63,136.64,136.56,136.58,4063.0,136.584,135.5389,0.39571428571428313
2024-03-04 05:30:00,136.64,136.67,136.55,136.61,5827.0,136.57600000000002,135.7074,0.3642857142857098
2024-03-04 05:15:00,136.74,136.79,136.61,136.63,15875.0,136.586,135.8847,0.3435714285714206
2024-03-04 05:00:00,136.92,136.92,136.74,136.75,5300.0,136.61200000000002,136.0607,0.32857142857142
2024-03-04 04:45:00,136.95,136.97,136.88,136.91,5284.0,136.696,136.2392,0.33285714285713447
2024-03-04 04:30:00,137.14,137.14,136.94,136.95,7765.0,136.76999999999998,136.4255,0.2271428571428495
2024-03-04 04:15:00,137.18,137.18,137.06,137.14,9337.0,136.87599999999998,136.505,0.21571428571427834
2024-03-04 04:00:00,137.35,137.71,137.0,137.19,10656.0,136.988,136.5615,0.23214285714284902
2024-03-01 19:45:00,137.05,137.07,136.9,137.0,7402.0,137.03799999999998,136.6265,0.23999999999999286
2024-03-01 19:30:00,137.08,137.1,137.04,137.07,2455.0,137.07,136.675,0.23428571428570827
2024-03-01 19:15:00,137.01,137.09,137.0,137.08,2619.0,137.09599999999998,136.7225,0.23285714285713816
2024-03-01 19:00:00,137.05,137.09,137.0,137.01,4373.0,137.07,136.76450000000003,0.23214285714285307
2024-03-01 18:45:00,137.09,137.09,137.0,137.05,5236.0,137.042,136.807,0.22214285714285203
2024-03-01 18:30:00,137.09,137.09,136.95,137.09,6249.0,137.06,136.8355,0.20928571428571072
2024-03-01 18:15:00,137.09,137.09,137.0,137.09,1875.0,137.06400000000002,136.85700000000003,0.2049999999999983
2024-03-01 18:00:00,136.99,137.13,136.92,137.09,3603.0,137.066,136.879,0.211428571428572
2024-03-01 17:45:00,137.0,137.01,136.92,136.94,7745.0,137.052,136.8935,0.21071428571428896
2024-03-01 17:30:00,137.01,137.14,136.95,136.97,313882.0,137.036,136.913,0.2042857142857173
2024-03-01 17:15:00,136.97,137.05,136.97,136.97,11192.0,137.012,136.9305,0.19428571428571825
2024-03-01 17:00:00,136.95,137.05,136.92,136.99,20806.0,136.99200000000002,136.95549999999997,0.18714285714286355
2024-03-01 16:45:00,136.99,138.007,127.577,136.95,456091.0,136.964,136.974,0.9157142857142914
2024-03-01 16:30:00,137.11,137.11,136.91,137.0,15898.0,136.97599999999997,136.99349999999998,0.8792857142857206
2024-03-01 16:15:00,137.08,137.14,137.02,137.11,11163.0,137.004,137.0175,0.8685714285714344
2024-03-01 16:00:00,137.11,137.18,136.96,137.08,6707267.0,137.026,137.03400000000002,0.8771428571428633
2024-03-01 15:45:00,137.26,137.295,136.92,137.13,3769865.0,137.054,137.04500000000002,0.897500000000006
2024-03-01 15:30:00,137.655,137.67,137.155,137.26,1621507.0,137.11599999999999,137.0605,0.9296428571428622
2024-03-01 15:15:00,137.85,137.99,137.65,137.656,1036618.0,137.2472,137.0863,0.975357142857149
2024-03-01 15:00:00,138.2,138.214,137.78,137.85,918093.0,137.3952,137.1193,1.0052142857142903
2024-03-01 14:45:00,138.075,138.2,137.945,138.195,800053.0,137.6182,137.17905000000002,1.0237857142857183
2024-03-01 14:30:00,138.3,138.31,138.03,138.07,637316.0,137.8062,137.22905,1.0287857142857177
2024-03-01 14:15:00,138.27,138.425,138.18,138.3,795311.0,138.01420000000002,137.29005,1.0420000000000036
2024-03-01 14:00:00,138.17,138.28,138.1,138.26,606843.0,138.135,137.35255,1.0420000000000056
2024-03-01 13:45:00,138.23,138.38,138.15,138.166,713990.0,138.19819999999999,137.40834999999998,1.0527142857142897
2024-03-01 13:30:00,138.16,138.27,138.11,138.22,554346.0,138.20319999999998,137.46485,1.054857142857145
2024-03-01 13:15:00,138.185,138.195,138.035,138.15,482699.0,138.2192,137.51785,0.32307142857143034
2024-03-01 13:00:00,138.02,138.25,138.0,138.18,674434.0,138.1952,137.57235,0.3266428571428577
2024-03-01 12:45:00,138.04,138.075,137.89,138.02,646863.0,138.1472,137.62635,0.33735714285714585
2024-03-01 12:30:00,137.79,138.09,137.785,138.05,513393.0,138.124,137.68035,0.34342857142857497
2024-03-01 12:15:00,137.92,137.995,137.78,137.79,484646.0,138.038,137.72135,0.3359285714285757
2024-03-01 12:00:00,137.655,138.005,137.625,137.92,522610.0,137.992,137.76785,0.3245000000000045
2024-03-01 11:45:00,137.72,137.795,137.64,137.655,538053.0,137.887,137.8031,0.29235714285714615
2024-03-01 11:30:00,137.78,137.81,137.65,137.705,621624.0,137.824,137.83835,0.263928571428575
2024-03-01 11:15:00,137.45,137.85,137.34,137.775,721883.0,137.769,137.8716,0.2753571428571462
2024-03-01 11:00:00,137.4,137.64,137.37,137.44,915001.0,137.699,137.8896,0.28428571428571764
2024-03-01 10:45:00,137.485,137.67,137.24,137.4,1261491.0,137.595,137.9031,0.28964285714285765
2024-03-01 10:30:00,137.72,137.77,137.45,137.49,999616.0,137.56199999999998,137.9146,0.3017857142857139
2024-03-01 10:15:00,137.9,137.948,137.52,137.721,1098798.0,137.5652,137.91785,0.3180714285714288
2024-03-01 10:00:00,138.035,138.34,137.615,137.89,1107506.0,137.58819999999997,137.91985000000003,0.3584285714285715
2024-03-01 09:45:00,137.95,138.125,137.83,138.03,1965615.0,137.7062,137.9116,0.36628571428571327
2024-03-01 09:30:00,138.43,138.87,137.83,137.96,2240414.0,137.8182,137.90609999999998,0.42271428571428415
2024-03-01 09:15:00,138.63,138.86,137.415,138.39,116152.0,137.9982,137.9106,0.5052142857142842
2024-03-01 09:00:00,138.25,138.66,138.19,138.62,23789.0,138.178,137.92860000000002,0.5169999999999979
2024-03-01 08:45:00,138.26,138.43,138.18,138.28,8758.0,138.256,137.9343,0.5291428571428541
2024-03-01 08:30:00,138.58,138.62,138.19,138.25,33411.0,138.3,137.9358,0.5327142857142836
2024-03-01 08:15:00,138.58,138.7,138.51,138.591,7857.0,138.42620000000002,137.95784999999998,0.5448571428571398
2024-03-01 08:00:00,138.4,139.1,137.8,138.59,31867.0,138.46620000000001,137.97835,0.6262857142857102
2024-03-01 07:45:00,138.29,138.66,138.25,138.51,16830.0,138.4442,138.00285000000002,0.6191428571428536
2024-03-01 07:30:00,138.08,138.3,138.04,138.3,6814.0,138.4482,138.01534999999998,0.6237857142857105
2024-03-01 07:15:00,138.22,138.26,138.02,138.13,5408.0,138.42419999999998,138.03235,0.6130714285714264
2024-03-01 07:00:00,138.34,138.49,138.2,138.26,17248.0,138.358,138.04934999999998,0.6123571428571414
2024-03-01 06:45:00,138.29,138.37,138.27,138.33,1851.0,138.30599999999998,138.0831,0.5874999999999996
2024-03-01 06:30:00,138.36,138.36,138.21,138.29,2305.0,138.262,138.11235000000002,0.5464285714285718
2024-03-01 06:15:00,138.27,138.37,138.27,138.36,1316.0,138.274,138.14159999999998,0.5325000000000009
2024-03-01 06:00:00,138.29,138.4,138.2,138.28,1940.0,138.304,138.1836,0.4725000000000027
2024-03-01 05:45:00,138.36,138.43,138.19,138.24,1475.0,138.3,138.2256,0.38642857142857323
2024-03-01 05:30:00,138.2,138.48,138.19,138.38,1400.0,138.31,138.2701,0.3735714285714299
2024-03-01 05:15:00,138.43,138.44,137.8,138.16,12651.0,138.284,138.29205000000002,0.38785714285714334
2024-03-01 05:00:00,138.69,138.73,138.39,138.41,5719.0,138.294,138.31805,0.39785714285714235
2024-03-01 04:45:00,138.76,138.79,138.7,138.7,2940.0,138.378,138.35155,0.39285714285714285
2024-03-01 04:30:00,138.76,138.8,138.7,138.77,1446.0,138.48399999999998,138.39204999999998,0.30714285714286
2024-03-01 04:15:00,138.75,138.79,138.71,138.73,2010.0,138.554,138.40905,0.28357142857143053
2024-03-01 04:00:00,138.84,138.95,138.6,138.75,5790.0,138.672,138.41555,0.27500000000000163
2024-02-29 19:45:00,138.19,138.34,138.12,138.18,2602.0,138.62600000000003,138.41055,0.3000000000000012
2024-02-29 19:30:00,138.34,138.44,138.11,138.14,4073.0,138.51399999999998,138.40505000000002,0.297857142857142
2024-02-29 19:15:00,138.13,139.0,138.11,138.44,46580.0,138.448,138.3975,0.3535714285714257
2024-02-29 19:00:00,138.1,138.2,138.05,138.13,3729.0,138.328,138.37449999999998,0.3707142857142815
2024-02-29 18:45:00,138.04,138.11,137.9,138.1,6978.0,138.198,138.35399999999998,0.37999999999999545
2024-02-29 18:30:00,137.99,138.07,137.81,138.0,3161.0,138.16199999999998,138.339,0.38642857142856507
2024-02-29 18:15:00,138.19,138.25,137.8,137.94,8079.0,138.122,138.3295,0.40142857142856364
2024-02-29 18:00:00,138.15,138.25,138.14,138.249,3907.0,138.0838,138.32895000000002,0.4028571428571358
2024-02-29 17:45:00,138.14,138.25,138.11,138.18,2798.0,138.09380000000002,138.32144999999997,0.36714285714285005
2024-02-29 17:30:00,138.186,138.46,138.1,138.2,78831.0,138.1138,138.31695,0.35214285714285154
2024-02-29 17:15:00,138.25,138.46,138.08,138.08,94359.0,138.1298,138.30295,0.35214285714285154
2024-02-29 17:00:00,138.25,138.38,138.22,138.24,11225.0,138.18980000000002,138.30095,0.366428571428563
2024-02-29 16:45:00,138.16,138.46,130.5,138.28,164354.0,138.196,138.30294999999998,0.9292857142857075
2024-02-29 16:30:00,138.09,138.46,138.08,138.19,16822.0,138.198,138.29345,0.9314285714285647
2024-02-29 16:15:00,138.46,138.46,138.07,138.09,98874.0,138.176,138.28995,0.914285714285709
2024-02-29 16:00:00,138.3,138.55,136.84,138.15,20088246.0,138.19,138.27695,1.0128571428571393
2024-02-29 15:45:00,137.445,138.55,137.41,138.3,5334651.0,138.202,138.25695000000002,1.0307142857142841
2024-02-29 15:30:00,137.65,137.66,137.39,137.445,855218.0,138.035,138.19070000000002,1.0678571428571442
2024-02-29 15:15:00,137.175,137.65,137.15,137.645,844098.0,137.926,138.13645000000002,1.0871428571428592
2024-02-29 15:00:00,137.21,137.32,137.15,137.17,493323.0,137.74200000000002,138.05745000000002,1.101785714285717
2024-02-29 14:45:00,137.04,137.21,136.99,137.209,518601.0,137.5538,138.00889999999998,1.0853571428571465
2024-02-29 14:30:00,137.32,137.375,137.03,137.03,468436.0,137.2998,137.9534,1.0878571428571462
2024-02-29 14:15:00,137.31,137.44,137.24,137.31,590674.0,137.27280000000002,137.89690000000002,1.1071428571428612
2024-02-29 14:00:00,137.05,137.31,136.93,137.309,503524.0,137.2056,137.85584999999998,1.1085714285714314
2024-02-29 13:45:00,137.03,137.15,137.01,137.05,492558.0,137.1816,137.80335,1.1027857142857178
2024-02-29 13:30:00,137.33,137.395,137.01,137.02,518068.0,137.1438,137.75435,1.108857142857149
2024-02-29 13:15:00,137.22,137.36,137.11,137.326,1191182.0,137.203,137.72365,0.5645714285714344
2024-02-29 13:00:00,137.075,137.35,137.06,137.22,623157.0,137.185,137.6722,0.5581428571428627
2024-02-29 12:45:00,136.85,137.125,136.805,137.08,435262.0,137.1392,137.6172,0.5599285714285754
2024-02-29 12:30:00,136.8,137.07,136.8,136.86,449471.0,137.1012,137.5502,0.45778571428571774
2024-02-29 12:15:00,136.845,136.96,136.74,136.795,435702.0,137.05620000000002,137.48595,0.3920714285714309
2024-02-29 12:00:00,136.78,137.0,136.765,136.85,491580.0,136.961,137.41645,0.34385714285714436
2024-02-29 11:45:00,136.52,136.895,136.44,136.78,575383.0,136.873,137.34145,0.3406428571428596
2024-02-29 11:30:00,136.93,136.935,136.4,136.534,931225.0,136.7638,137.25865,0.34350000000000186
2024-02-29 11:15:00,136.82,137.085,136.77,136.915,805920.0,136.7748,137.19989999999999,0.3671428571428602
2024-02-29 11:00:00,137.08,137.135,136.73,136.825,897401.0,136.7808,137.13365000000002,0.37142857142857466
2024-02-29 10:45:00,137.025,137.326,136.87,137.09,887387.0,136.8288,137.07315,0.3779285714285753
2024-02-29 10:30:00,137.56,137.6,136.96,137.02,1101887.0,136.8768,137.0519,0.3965000000000032
2024-02-29 10:15:00,137.84,137.84,137.42,137.56,2215597.0,137.082,137.04765,0.43371428571428794
2024-02-29 10:00:00,138.58,138.67,137.81,137.841,1340098.0,137.2672,137.08120000000002,0.48549999999999977
2024-02-29 09:45:00,137.7,138.86,137.7,138.59,2087442.0,137.6202,137.15025,0.5440714285714299
2024-02-29 09:30:00,137.28,137.925,137.01,137.704,3287935.0,137.743,137.18395,0.6362142857142885
2024-02-29 09:15:00,136.74,142.38,136.45,137.28,104330.0,137.795,137.18245,1.030142857142861
2024-02-29 09:00:00,136.63,136.94,136.63,136.759,37244.0,137.63479999999998,137.15495,1.0565714285714327
2024-02-29 08:45:00,136.77,137.215,136.2,136.68,61108.0,137.4026,137.13645,1.1133571428571483
2024-02-29 08:30:00,135.5,137.1,135.45,136.79,122610.0,137.0426,137.12494999999998,1.214428571428576
2024-02-29 08:15:00,135.68,135.7,135.4,135.51,22521.0,136.6038,137.03415,1.2812142857142885
2024-02-29 08:00:00,135.73,136.38,135.541,135.67,621386.0,136.2818,136.95665000000002,1.3051428571428605
2024-02-29 07:45:00,135.66,135.7,135.61,135.64,3383.0,136.058,136.88465000000002,1.2722142857142862
2024-02-29 07:30:00,135.69,135.71,135.63,135.63,3636.0,135.84799999999998,136.82315,1.2490000000000012
2024-02-29 07:15:00,135.72,135.74,135.6,135.67,8755.0,135.62399999999997,136.7669,1.2232142857142878
2024-02-29 07:00:00,135.72,135.8,135.65,135.71,9421.0,135.664,136.7099,1.1882142857142892
2024-02-29 06:45:00,135.68,135.73,135.63,135.68,2338.0,135.666,136.6549,1.1367857142857178
2024-02-29 06:30:00,135.71,135.72,135.63,135.65,2068.0,135.668,136.6107,1.0639285714285762
2024-02-29 06:15:00,135.82,135.82,135.67,135.7,1584.0,135.68200000000002,136.54995000000002,0.9932142857142878
2024-02-29 06:00:00,135.61,135.88,135.61,135.83,2262.0,135.714,136.5002,0.8996428571428571
2024-02-29 05:45:00,135.71,135.76,135.62,135.62,990.0,135.696,136.42669999999998,0.49107142857142855
2024-02-29 05:30:00,135.88,135.88,135.68,135.72,2822.0,135.704,136.36169999999998,0.46321428571428463
2024-02-29 05:15:00,136.0,136.0,135.76,135.9,8034.0,135.754,136.27870000000001,0.4107142857142837
2024-02-29 05:00:00,135.96,136.02,135.87,136.0,3759.0,135.814,136.18665000000001,0.30357142857142655
2024-02-29 04:45:00,135.82,135.99,135.76,135.96,5396.0,135.84,136.05515,0.22142857142857103
2024-02-29 04:30:00,135.55,135.79,135.53,135.78,3775.0,135.872,135.95895000000002,0.18999999999999975
2024-02-29 04:15:00,135.62,135.63,135.53,135.54,4978.0,135.836,135.87195,0.20142857142857298
2024-02-29 04:00:00,135.68,135.97,135.58,135.62,9884.0,135.78000000000003,135.815,0.22642857142857256
2024-02-28 19:45:00,136.15,136.18,135.9,135.95,15245.0,135.77,135.7785,0.25642857142857167
2024-02-28 19:30:00,135.98,136.16,135.9,136.16,10282.0,135.81,135.747,0.26428571428571346
2024-02-28 19:15:00,135.98,136.0,135.87,135.98,2114.0,135.85,135.7705,0.27785714285714186
2024-02-28 19:00:00,135.91,136.0,135.85,135.87,3228.0,135.916,135.7805,0.2821428571428563
2024-02-28 18:45:00,135.94,135.94,135.87,135.91,4127.0,135.974,135.794,0.2749999999999996
2024-02-28 18:30:00,135.92,135.94,135.86,135.94,4029.0,135.972,135.80949999999999,0.2614285714285712
2024-02-28 18:15:00,135.85,135.95,135.8,135.92,10659.0,135.924,135.822,0.25714285714285473
2024-02-28 18:00:00,135.87,135.89,135.75,135.85,10088.0,135.898,135.829,0.25071428571428306
2024-02-28 17:45:00,135.85,135.9,135.8,135.86,15065.0,135.89600000000002,135.838,0.2378571428571397
2024-02-28 17:30:00,135.79,136.38,135.77,135.85,629517.0,135.88400000000001,135.84799999999998,0.2707142857142811
2024-02-28 17:15:00,135.81,135.9,135.76,135.8,14149.0,135.856,135.853,0.26357142857142435
2024-02-28 17:00:00,135.92,135.96,135.79,135.82,10928.0,135.836,135.85250000000002,0.24499999999999642
2024-02-28 16:45:00,135.95,136.38,128.154,135.9,577400.0,135.846,135.8665,0.8147142857142821
2024-02-28 16:30:00,136.08,136.15,135.95,135.95,18562.0,135.86399999999998,135.878,0.8018571428571387
2024-02-28 16:15:00,136.38,136.38,136.05,136.08,22880.0,135.91000000000003,135.887,0.7925714285714248
2024-02-28 16:00:00,136.38,136.4,136.038,136.11,4985406.0,135.972,135.89249999999998,0.7998571428571394
2024-02-28 15:45:00,136.17,136.38,136.02,136.38,3399331.0,136.084,135.91350000000003,0.8048571428571388
2024-02-28 15:30:00,136.22,136.25,136.105,136.17,1044232.0,136.13799999999998,135.933,0.8137857142857102
2024-02-28 15:15:00,135.98,136.27,135.96,136.211,981661.0,136.1902,135.96655,0.830928571428568
2024-02-28 15:00:00,135.97,136.21,135.93,135.985,1131806.0,136.1712,135.9848,0.8452857142857125
2024-02-28 14:45:00,135.6,136.075,135.56,135.96,977199.0,136.1412,135.9853,0.8713571428571417
2024-02-28 14:30:00,135.6,135.618,135.41,135.6,984352.0,135.98520000000002,135.9573,0.8985000000000005
2024-02-28 14:15:00,135.78,135.808,135.52,135.6,1107341.0,135.8712,135.9383,0.9119285714285711
2024-02-28 14:00:00,136.005,136.07,135.755,135.78,848939.0,135.78500000000003,135.9338,0.9019285714285721
2024-02-28 13:45:00,136.22,136.318,135.925,136.006,674685.0,135.7892,135.9386,0.9303571428571432
2024-02-28 13:30:00,136.02,136.255,136.02,136.219,634262.0,135.84099999999998,135.95255000000003,0.9359999999999989
2024-02-28 13:15:00,135.76,136.1,135.71,136.01,556783.0,135.923,135.95705,0.3847857142857123
2024-02-28 13:00:00,135.94,135.975,135.665,135.755,812165.0,135.954,135.9523,0.3915714285714265
2024-02-28 12:45:00,135.925,135.99,135.85,135.93,479188.0,135.98399999999998,135.9558,0.37764285714285556
2024-02-28 12:30:00,135.94,136.01,135.81,135.925,582771.0,135.96779999999998,135.95955,0.36607142857142655
2024-02-28 12:15:00,136.01,136.06,135.875,135.936,651936.0,135.91119999999998,135.96635,0.35357142857142776
2024-02-28 12:00:00,135.975,136.065,135.84,136.005,747799.0,135.9102,135.9756,0.34999999999999837
2024-02-28 11:45:00,136.245,136.26,135.9,135.975,806928.0,135.95420000000001,135.97935,0.3535714285714257
2024-02-28 11:30:00,136.04,136.39,136.03,136.245,953055.0,136.0172,135.9941,0.3631428571428533
2024-02-28 11:15:00,135.79,136.164,135.61,136.035,1878716.0,136.0392,135.99185,0.3717142857142822
2024-02-28 11:00:00,136.15,136.24,135.77,135.786,1393784.0,136.00920000000002,135.97565,0.3659999999999956
2024-02-28 10:45:00,136.185,136.235,135.92,136.15,1463271.0,136.03820000000002,135.96415,0.3774999999999977
2024-02-28 10:30:00,136.22,136.455,136.11,136.185,1198039.0,136.08020000000002,135.9649,0.3685714285714263
2024-02-28 10:15:00,136.63,136.63,135.98,136.225,1497076.0,136.0762,135.9656,0.37657142857142595
2024-02-28 10:00:00,136.29,136.83,136.14,136.625,1531470.0,136.1942,135.99759999999998,0.40807142857142814
2024-02-28 09:45:00,136.59,136.625,135.92,136.29,2570081.0,136.295,136.0141,0.42207142857143004
2024-02-28 09:30:00,137.9,138.01,136.48,136.59,3361786.0,136.38299999999998,136.0636,0.5202857142857157
2024-02-28 09:15:00,137.83,138.05,137.56,137.86,57546.0,136.71800000000002,136.1766,0.6077857142857154
2024-02-28 09:00:00,137.95,138.02,137.8,137.86,17329.0,137.04500000000002,136.2806,0.6092142857142875
2024-02-28 08:45:00,137.95,138.1,137.825,137.99,8921.0,137.318,136.3798,0.6156428571428592
2024-02-28 08:30:00,137.91,138.1,137.8,137.89,22742.0,137.63799999999998,136.46335,0.6210000000000012
2024-02-28 08:15:00,137.97,138.88,137.91,137.91,515259.0,137.902,136.55835,0.6660000000000029
2024-02-28 08:00:00,138.198,138.94,137.757,137.95,39950.0,137.92000000000002,136.6681,0.7208571428571459
2024-02-28 07:45:00,138.33,138.38,138.05,138.07,11049.0,137.962,136.7751,0.7062142857142898
2024-02-28 07:30:00,138.27,138.39,138.22,138.33,5268.0,138.03,136.89535,0.6955000000000037
2024-02-28 07:15:00,138.21,138.38,138.12,138.27,4948.0,138.106,137.01205,0.6820000000000022
2024-02-28 07:00:00,138.17,138.41,138.11,138.23,11361.0,138.17,137.12330000000003,0.6787857142857153
2024-02-28 06:45:00,138.17,138.17,138.08,138.14,1633.0,138.208,137.23155,0.6430714285714275
2024-02-28 06:30:00,138.13,138.2,137.97,138.17,4307.0,138.228,137.3278,0.6102142857142822
2024-02-28 06:15:00,138.15,138.22,138.1,138.12,1548.0,138.186,137.43205,0.5684285714285673
2024-02-28 06:00:00,138.05,138.15,137.98,138.15,3865.0,138.162,137.55025,0.45771428571428274
2024-02-28 05:45:00,138.03,138.16,138.0,138.1,3570.0,138.13600000000002,137.64775,0.3648571428571391
2024-02-28 05:30:00,137.99,138.2,137.9,138.03,3328.0,138.114,137.73999999999998,0.37057142857142367
2024-02-28 05:15:00,137.81,138.0,137.77,137.96,6341.0,138.07200000000003,137.82675,0.36949999999999406
2024-02-28 05:00:00,138.06,138.11,137.66,137.84,7789.0,138.016,137.8875,0.3802142857142822
2024-02-28 04:45:00,138.11,138.16,138.04,138.04,3785.0,137.994,137.975,0.3323571428571382
2024-02-28 04:30:00,138.15,138.25,138.07,138.11,2651.0,137.996,138.051,0.2628571428571393
2024-02-28 04:15:00,138.43,138.5,138.12,138.15,3239.0,138.02,138.0655,0.25999999999999496
2024-02-28 04:00:00,138.86,138.86,138.32,138.44,4710.0,138.116,138.0945,0.28785714285713887
2024-02-27 19:45:00,138.87,138.87,138.77,138.87,3228.0,138.322,138.1385,0.29999999999999716
2024-02-27 19:30:00,138.8,138.87,138.74,138.87,5198.0,138.488,138.1875,0.2878571428571409
2024-02-27 19:15:00,138.93,138.93,138.75,138.8,2150.0,138.626,138.23200000000003,0.29000000000000015
2024-02-27 19:00:00,138.8,138.96,138.75,138.75,2199.0,138.746,138.272,0.28857142857143003
2024-02-27 18:45:00,138.76,138.82,138.76,138.782,2225.0,138.81440000000003,138.3076,0.28500000000000064
2024-02-27 18:30:00,138.83,138.85,138.77,138.79,3204.0,138.79840000000002,138.33059999999998,0.27857142857142697
2024-02-27 18:15:00,138.88,138.96,138.71,138.82,3482.0,138.7884,138.35809999999998,0.28499999999999864
2024-02-27 18:00:00,138.75,138.88,138.63,138.88,8726.0,138.8044,138.3906,0.28142857142857125
2024-02-27 17:45:00,138.19,138.75,137.84,138.73,5770.0,138.8004,138.4201,0.3371428571428571
2024-02-27 17:30:00,138.697,138.75,137.83,138.21,12306.0,138.686,138.4221,0.3707142857142835
2024-02-27 17:15:00,138.69,138.71,138.62,138.71,3374.0,138.67,138.4516,0.38357142857142684
2024-02-27 17:00:00,138.68,138.73,138.66,138.7,5315.0,138.64600000000002,138.4791,0.37357142857142583
2024-02-27 16:45:00,138.68,146.387,129.28,138.69,144976.0,138.608,138.5086,1.5676428571428553
2024-02-27 16:30:00,138.73,138.77,138.64,138.68,12218.0,138.598,138.5411,1.526214285714285
2024-02-27 16:15:00,138.88,138.88,138.7,138.74,47152.0,138.704,138.58010000000002,1.5097857142857123
2024-02-27 16:00:00,138.92,142.32,138.74,138.75,4799014.0,138.712,138.62560000000002,1.7562142857142828
2024-02-27 15:45:00,138.907,139.25,138.825,138.89,2384464.0,138.75,138.6681,1.7790714285714253
2024-02-27 15:30:00,138.825,138.92,138.68,138.9,762510.0,138.79199999999997,138.7076,1.7812142857142805
2024-02-27 15:15:00,138.78,138.83,138.63,138.826,568434.0,138.8212,138.7414,1.7954999999999959
2024-02-27 15:00:00,139.015,139.04,138.64,138.77,642664.0,138.8272,138.7579,1.8183571428571403
2024-02-27 14:45:00,138.835,139.1,138.79,139.015,857020.0,138.8802,138.76515,1.824071428571425
2024-02-27 14:30:00,138.658,138.9,138.65,138.83,593085.0,138.8682,138.76315,1.8322857142857092
2024-02-27 14:15:00,138.45,138.75,138.44,138.657,710361.0,138.8196,138.756,1.7858571428571395
2024-02-27 14:00:00,138.15,138.497,138.15,138.44,634278.0,138.7424,138.7405,1.7563571428571407
2024-02-27 13:45:00,138.132,138.19,138.015,138.14,582984.0,138.6164,138.7084,1.7509999999999988
2024-02-27 13:30:00,137.845,138.175,137.81,138.135,490444.0,138.4404,138.67565000000002,1.7720714285714283
2024-02-27 13:15:00,138.07,138.1,137.825,137.842,547636.0,138.2428,138.62675,0.5722857142857143
2024-02-27 13:00:00,137.47,138.08,137.375,138.06,941687.0,138.1234,138.58575000000002,0.613357142857142
2024-02-27 12:45:00,137.2,137.48,137.09,137.475,1260734.0,137.93040000000002,138.523,0.6683571428571428
2024-02-27 12:30:00,137.64,137.665,137.13,137.195,1768836.0,137.7414,138.47224999999997,0.4508571428571437
2024-02-27 12:15:00,137.76,137.802,137.44,137.64,1722597.0,137.6424,138.41875,0.4585000000000008
2024-02-27 12:00:00,137.92,137.94,137.75,137.75,1118033.0,137.62399999999997,138.37125,0.4627857142857173
2024-02-27 11:45:00,138.016,138.035,137.84,137.92,954560.0,137.596,138.33274999999998,0.46385714285714486
2024-02-27 11:30:00,138.03,138.16,137.94,138.02,647873.0,137.70499999999998,138.29975,0.4524285714285737
2024-02-27 11:15:00,138.18,138.315,138.02,138.03,689892.0,137.872,138.26425,0.44992857142857395
2024-02-27 11:00:00,138.17,138.21,137.91,138.2,845636.0,137.984,138.23674999999997,0.445285714285719
2024-02-27 10:45:00,138.195,138.49,138.155,138.16,1016407.0,138.066,138.20025,0.44135714285714706
2024-02-27 10:30:00,138.125,138.31,138.01,138.21,964858.0,138.12400000000002,138.16575,0.4265714285714332
2024-02-27 10:15:00,137.67,138.21,137.61,138.12,1211055.0,138.144,138.13045,0.439071428571432
2024-02-27 10:00:00,137.87,138.19,137.65,137.675,1340991.0,138.073,138.0757,0.4515714285714308
2024-02-27 09:45:00,138.53,138.54,137.55,137.88,1709683.0,138.009,138.01895,0.5001428571428578
2024-02-27 09:30:00,138.02,138.62,137.57,138.56,4406024.0,138.089,138.00545,0.5247857142857149
2024-02-27 09:15:00,138.53,138.6,137.96,138.0,150031.0,138.04699999999997,137.9726,0.5012142857142854
2024-02-27 09:00:00,138.649,138.7,138.42,138.57,46368.0,138.137,137.9791,0.5129999999999991
2024-02-27 08:45:00,138.5,138.7,138.45,138.64,27584.0,138.32999999999998,138.0041,0.4874999999999992
2024-02-27 08:30:00,138.25,138.55,138.22,138.48,23772.0,138.45,138.02134999999998,0.49607142857142605
2024-02-27 08:15:00,138.41,138.77,137.57,138.23,18175.0,138.38400000000001,138.04075,0.5614285714285704
2024-02-27 08:00:00,138.35,139.039,137.57,138.42,121717.0,138.46800000000002,138.05875,0.6492142857142836
2024-02-27 07:45:00,138.66,138.77,138.63,138.73,18781.0,138.5,138.1215,0.6531428571428576
2024-02-27 07:30:00,138.61,138.68,138.55,138.66,14787.0,138.504,138.19475,0.6445714285714266
2024-02-27 07:15:00,138.48,138.7,138.47,138.63,27433.0,138.534,138.24425,0.6370714285714253
2024-02-27 07:00:00,138.36,138.53,138.21,138.48,39417.0,138.584,138.28074999999998,0.6456428571428522
2024-02-27 06:45:00,138.4,138.45,138.34,138.37,5538.0,138.57399999999998,138.30325,0.6127857142857087
2024-02-27 06:30:00,138.36,138.45,138.31,138.4,5080.0,138.50799999999998,138.32225,0.5842142857142798
2024-02-27 06:15:00,138.33,138.38,138.31,138.36,6695.0,138.448,138.33875,0.5199285714285671
2024-02-27 06:00:00,138.37,138.47,138.3,138.3,8846.0,138.382,138.34375,0.4570714285714225
2024-02-27 05:45:00,138.56,138.65,138.35,138.38,10529.0,138.36200000000002,138.35475,0.4363571428571374
2024-02-27 05:30:00,138.81,138.81,138.54,138.56,6428.0,138.40000000000003,138.37224999999998,0.41707142857142443
2024-02-27 05:15:00,138.79,138.82,138.6,138.81,8429.0,138.482,138.40675,0.4177857142857095
2024-02-27 05:00:00,138.71,138.86,138.7,138.77,10775.0,138.564,138.4615,0.3992142857142836
2024-02-27 04:45:00,138.86,138.86,138.59,138.75,11007.0,138.654,138.505,0.3327857142857117
2024-02-27 04:30:00,138.97,139.03,138.83,138.86,17611.0,138.75,138.52,0.24785714285714075
2024-02-27 04:15:00,138.66,138.98,138.63,138.98,14217.0,138.834,138.56900000000002,0.24785714285713872
2024-02-27 04:00:00,137.88,138.69,137.88,138.64,14886.0,138.8,138.5725,0.31357142857142556
2024-02-26 19:45:00,137.9,137.96,137.75,137.91,17267.0,138.62800000000001,138.536,0.3607142857142825
2024-02-26 19:30:00,137.84,137.91,137.73,137.89,12782.0,138.456,138.50650000000002,0.3435714285714267
2024-02-26 19:15:00,137.87,137.92,137.8,137.84,10393.0,138.25199999999998,138.48700000000002,0.34214285714285453
2024-02-26 19:00:00,137.92,137.92,137.79,137.9,13053.0,138.036,138.46099999999998,0.34142857142856947
2024-02-26 18:45:00,137.82,137.92,137.81,137.92,13490.0,137.892,138.4205,0.3428571428571396
2024-02-26 18:30:00,137.72,137.82,137.7,137.82,11126.0,137.87399999999997,138.3785,0.346428571428569
2024-02-26 18:15:00,137.72,137.73,137.7,137.72,9979.0,137.84,138.333,0.3299999999999983
2024-02-26 18:00:00,137.72,137.72,137.68,137.71,9379.0,137.81400000000002,138.2945,0.3021428571428544
2024-02-26 17:45:00,137.74,137.75,137.68,137.72,18986.0,137.77800000000002,138.262,0.288571428571426
2024-02-26 17:30:00,137.75,137.77,137.57,137.75,629290.0,137.744,138.2295,0.29142857142856826
2024-02-26 17:15:00,137.7,137.74,137.57,137.71,143472.0,137.722,138.197,0.2849999999999966
2024-02-26 17:00:00,137.67,137.74,137.65,137.7,34446.0,137.71800000000002,138.167,0.2714285714285682
2024-02-26 16:45:00,137.63,144.748,131.07,137.66,34416.0,137.708,138.131,1.2234285714285684
2024-02-26 16:30:00,137.64,137.64,137.6,137.63,25059.0,137.69,138.0845,1.1491428571428546
2024-02-26 16:15:00,137.57,138.98,137.57,137.63,85297.0,137.666,138.02550000000002,1.1862857142857126
2024-02-26 16:00:00,137.57,137.65,131.18,137.62,9106221.0,137.648,137.96800000000002,1.6355714285714262
2024-02-26 15:45:00,137.88,137.935,137.39,137.52,4374764.0,137.612,137.9065,1.6659285714285719
2024-02-26 15:30:00,138.207,138.34,137.83,137.89,1584870.0,137.658,137.858,1.715214285714286
2024-02-26 15:15:00,138.135,138.23,137.91,138.2,1237593.0,137.772,137.81900000000002,1.7316428571428588
2024-02-26 15:00:00,138.17,138.25,138.06,138.13,1149497.0,137.872,137.7935,1.7295000000000016
2024-02-26 14:45:00,138.395,138.5,138.135,138.16,935869.0,137.98,137.80599999999998,1.7473571428571444
2024-02-26 14:30:00,138.69,138.75,138.32,138.39,860809.0,138.154,137.831,1.7866428571428596
2024-02-26 14:15:00,138.361,138.71,138.32,138.69,908523.0,138.314,137.87349999999998,1.8095000000000039
2024-02-26 14:00:00,138.39,138.645,138.35,138.365,1060343.0,138.34699999999998,137.89675,1.819500000000003
2024-02-26 13:45:00,137.98,138.42,137.97,138.386,1159550.0,138.3982,137.92005,1.838785714285716
2024-02-26 13:30:00,137.965,138.07,137.795,137.98,1051881.0,138.36219999999997,137.92804999999998,1.8745714285714306
2024-02-26 13:15:00,138.385,138.386,137.86,137.955,1172266.0,138.27519999999998,137.93980000000002,0.935142857142858
2024-02-26 13:00:00,137.89,138.47,137.63,138.385,2261703.0,138.21419999999998,137.97355,0.9908571428571439
2024-02-26 12:45:00,138.16,138.27,137.865,137.88,1574169.0,138.11719999999997,137.98155,0.9272857142857143
2024-02-26 12:30:00,138.31,138.43,138.01,138.15,1717612.0,138.07,138.00155,0.5044285714285722
2024-02-26 12:15:00,138.75,138.76,138.25,138.305,1506355.0,138.135,138.0313,0.5090714285714272
2024-02-26 12:00:00,138.78,138.785,138.51,138.73,1435057.0,138.29000000000002,138.0828,0.4847857142857127
2024-02-26 11:45:00,139.1,139.2,138.77,138.78,1271995.0,138.369,138.1388,0.49407142857142666
2024-02-26 11:30:00,138.742,139.12,138.71,139.09,1626106.0,138.61100000000002,138.21179999999998,0.5097857142857123
2024-02-26 11:15:00,139.08,139.13,138.57,138.745,2207024.0,138.73,138.26754999999997,0.5233571428571407
2024-02-26 11:00:00,139.245,139.5,138.95,139.07,2190748.0,138.88299999999998,138.34005,0.5351428571428544
2024-02-26 10:45:00,140.04,140.08,139.24,139.24,2225984.0,138.98499999999999,138.42605,0.5794285714285691
2024-02-26 10:30:00,140.02,140.15,139.91,140.044,2026978.0,139.23780000000002,138.53375,0.6201428571428542
2024-02-26 10:15:00,140.16,140.47,140.01,140.025,1228070.0,139.4248,138.625,0.6208571428571413
2024-02-26 10:00:00,140.13,140.58,139.89,140.162,1863057.0,139.70819999999998,138.72660000000002,0.6279285714285712
2024-02-26 09:45:00,140.46,140.67,139.78,140.125,3427810.0,139.9192,138.82485,0.6539285714285715
2024-02-26 09:30:00,142.14,142.44,140.41,140.465,4561419.0,140.1642,138.92860000000002,0.759285714285714
2024-02-26 09:15:00,142.49,142.64,141.91,142.11,126708.0,140.5774,139.0996,0.8774999999999997
2024-02-26 09:00:00,142.61,142.69,142.4,142.5,43073.0,141.0724,139.30635,0.879642857142855
2024-02-26 08:45:00,143.01,143.04,142.42,142.61,48092.0,141.562,139.51755,0.8803571428571421
2024-02-26 08:30:00,142.76,144.29,142.7,142.98,31537.0,142.13299999999998,139.76755,0.9660714285714269
2024-02-26 08:15:00,142.83,142.92,142.65,142.773,28828.0,142.5946,140.00844999999998,0.9560714285714259
2024-02-26 08:00:00,142.9,144.08,142.73,142.83,58655.0,142.7386,140.2307,1.023214285714285
2024-02-26 07:45:00,142.93,142.95,142.85,142.89,13664.0,142.81660000000002,140.4812,0.9917857142857116
2024-02-26 07:30:00,143.1,143.15,142.89,142.95,14519.0,142.8846,140.7212,0.9564285714285704
2024-02-26 07:15:00,143.05,143.2,142.96,143.12,12851.0,142.9126,140.96195,0.9021428571428548
2024-02-26 07:00:00,143.4,143.55,143.0,143.05,13181.0,142.968,141.17795,0.8764285714285701
2024-02-26 06:45:00,143.63,143.66,143.34,143.36,3777.0,143.074,141.40695,0.8871428571428542
2024-02-26 06:30:00,143.8,143.8,143.61,143.65,2687.0,143.226,141.63495,0.8692857142857093
2024-02-26 06:15:00,143.67,143.95,143.67,143.82,4693.0,143.4,141.88870000000003,0.827142857142852
2024-02-26 06:00:00,143.8,143.8,143.6,143.67,2788.0,143.51,142.11870000000002,0.6774999999999949
2024-02-26 05:45:00,143.91,143.94,143.78,143.78,4054.0,143.656,142.3457,0.5414285714285683
2024-02-26 05:30:00,143.83,143.91,143.78,143.91,2987.0,143.76600000000002,142.539,0.5092857142857119
2024-02-26 05:15:00,143.76,143.86,143.75,143.8,1068.0,143.796,142.72775,0.4764285714285685
2024-02-26 05:00:00,143.83,143.84,143.64,143.76,2210.0,143.78400000000002,142.90765000000002,0.37071428571428555
2024-02-26 04:45:00,143.74,143.9,143.74,143.83,2747.0,143.81599999999997,143.09290000000001,0.3585714285714293
2024-02-26 04:30:00,143.57,143.73,143.54,143.73,2729.0,143.80599999999998,143.25615,0.2828571428571434
2024-02-26 04:15:00,143.46,143.62,143.4,143.59,4921.0,143.74200000000002,143.33014999999997,0.297857142857144
2024-02-26 04:00:00,143.96,143.96,143.37,143.42,5821.0,143.666,143.37615,0.32142857142857145
2024-02-23 19:45:00,143.9,143.96,143.71,143.9,3700.0,143.694,143.44065,0.3421428571428586
2024-02-23 19:30:00,143.78,143.92,143.78,143.83,1972.0,143.69400000000002,143.48315,0.31285714285714256
2024-02-23 19:15:00,143.92,143.92,143.79,143.86,361.0,143.72,143.5375,0.27857142857142897
2024-02-23 19:00:00,143.9,143.92,143.79,143.8,6974.0,143.762,143.586,0.25642857142857167
2024-02-23 18:45:00,143.95,143.96,143.85,143.87,2549.0,143.852,143.63500000000002,0.24642857142857263
2024-02-23 18:30:00,143.92,143.96,143.86,143.96,915.0,143.864,143.6855,0.23785714285714374
2024-02-23 18:15:00,143.94,143.96,143.86,143.86,1488.0,143.87,143.72250000000003,0.22571428571428548
2024-02-23 18:00:00,143.95,143.95,143.86,143.86,262.0,143.87,143.76299999999998,0.22285714285714114
2024-02-23 17:45:00,143.95,143.95,143.9,143.95,1012.0,143.9,143.79250000000002,0.2178571428571396
2024-02-23 17:30:00,143.94,143.96,143.85,143.91,1176.0,143.90800000000002,143.8055,0.21142857142856794
2024-02-23 17:15:00,143.93,144.0,135.004,143.94,1514.0,143.904,143.8115,0.842571428571426
2024-02-23 17:00:00,143.96,144.0,143.89,143.98,437669.0,143.928,143.827,0.8297142857142826
2024-02-23 16:45:00,143.96,143.97,143.94,143.96,6470.0,143.948,143.836,0.8089999999999975
2024-02-23 16:30:00,143.89,143.97,143.86,143.96,8510.0,143.95,143.8385,0.7747142857142819
2024-02-23 16:15:00,143.96,143.96,143.83,143.86,28884.0,143.94,143.8415,0.7454285714285659
2024-02-23 16:00:00,143.91,144.11,143.83,143.87,6244756.0,143.926,143.847,0.7554285714285669
2024-02-23 15:45:00,143.95,144.13,143.88,143.95,1787328.0,143.92000000000002,143.853,0.7647142857142809
2024-02-23 15:30:00,143.74,144.01,143.635,143.94,514932.0,143.916,143.8635,0.7822142857142812
2024-02-23 15:15:00,143.805,143.87,143.7,143.75,405379.0,143.874,143.87150000000003,0.7879285714285678
2024-02-23 15:00:00,143.82,143.9,143.705,143.8,334222.0,143.862,143.89050000000003,0.794714285714282
2024-02-23 14:45:00,143.78,143.89,143.7,143.82,278894.0,143.852,143.8865,0.8011428571428537
2024-02-23 14:30:00,143.555,143.798,143.52,143.762,429491.0,143.8144,143.8831,0.8161428571428543
2024-02-23 14:15:00,143.7,143.76,143.51,143.54,390138.0,143.7344,143.8671,0.8277142857142853
2024-02-23 14:00:00,144.05,144.1,143.668,143.683,398074.0,143.721,143.86124999999998,0.8598571428571417
2024-02-23 13:45:00,144.028,144.14,143.98,144.06,342837.0,143.773,143.87075,0.24992857142856906
2024-02-23 13:30:00,143.99,144.07,143.914,144.025,287858.0,143.814,143.874,0.2532142857142828
2024-02-23 13:15:00,143.88,144.085,143.86,143.99,238022.0,143.8596,143.88049999999998,0.2664285714285687
2024-02-23 13:00:00,143.87,143.92,143.75,143.89,232233.0,143.9296,143.882,0.27571428571428463
2024-02-23 12:45:00,143.9,143.92,143.755,143.87,225735.0,143.96699999999998,143.878,0.2782142857142844
2024-02-23 12:30:00,144.01,144.03,143.76,143.902,287544.0,143.93540000000002,143.8776,0.27749999999999936
2024-02-23 12:15:00,144.025,144.21,143.88,144.02,514733.0,143.9344,143.8816,0.2825000000000009
2024-02-23 12:00:00,143.94,144.14,143.935,144.025,501160.0,143.9414,143.88385,0.27035714285714263
2024-02-23 11:45:00,143.65,143.94,143.56,143.93,406199.0,143.94940000000003,143.88235,0.28642857142857076
2024-02-23 11:30:00,143.515,143.73,143.47,143.65,473765.0,143.90540000000001,143.86685,0.30535714285714327
2024-02-23 11:15:00,143.56,143.64,143.43,143.515,703094.0,143.828,143.8496,0.3075000000000005
2024-02-23 11:00:00,143.82,143.88,143.455,143.56,855913.0,143.73600000000002,143.83409999999998,0.3164285714285719
2024-02-23 10:45:00,143.835,143.98,143.73,143.805,553713.0,143.692,143.82685,0.32842857142857035
2024-02-23 10:30:00,144.052,144.3,143.83,143.84,498930.0,143.674,143.82184999999998,0.32378571428571334
2024-02-23 10:15:00,144.36,144.405,143.93,144.052,587612.0,143.75439999999998,143.83695,0.33149999999999935
2024-02-23 10:00:00,144.39,144.405,143.925,144.352,681216.0,143.92180000000002,143.86454999999998,0.35464285714285537
2024-02-23 09:45:00,144.42,144.68,144.13,144.39,953447.0,144.0878,143.89305,0.3778571428571423
2024-02-23 09:30:00,143.67,144.485,143.61,144.42,2411960.0,144.2108,143.92595,0.4232142857142845
2024-02-23 09:15:00,144.049,144.24,143.55,143.61,81248.0,144.16479999999999,143.92945,0.4735714285714262
2024-02-23 09:00:00,143.83,144.985,143.145,144.02,27079.0,144.15839999999997,143.9463,0.5857142857142829
2024-02-23 08:45:00,143.73,143.89,143.7,143.83,11839.0,144.054,143.9348,0.5849999999999979
2024-02-23 08:30:00,143.78,144.0,143.12,143.72,33184.0,143.92000000000002,143.91955000000002,0.6332142857142843
2024-02-23 08:15:00,143.99,143.99,143.75,143.8,17389.0,143.796,143.91005,0.6192857142857134
2024-02-23 08:00:00,143.7,144.09,143.244,143.96,35408.0,143.866,143.91355,0.6468571428571417
2024-02-23 07:45:00,143.88,143.89,143.8,143.87,3062.0,143.836,143.91355,0.6425714285714272
2024-02-23 07:30:00,143.78,144.0,143.75,143.88,6180.0,143.846,143.91244999999998,0.6300714285714284
2024-02-23 07:15:00,143.68,143.8,143.67,143.78,4408.0,143.858,143.90045,0.6150714285714299
2024-02-23 07:00:00,143.58,143.7,143.56,143.68,6584.0,143.834,143.8832,0.5954285714285723
2024-02-23 06:45:00,143.53,143.57,143.44,143.57,4099.0,143.756,143.86520000000002,0.5722142857142875
2024-02-23 06:30:00,143.49,143.58,143.4,143.57,2660.0,143.696,143.8612,0.5507857142857172
2024-02-23 06:15:00,143.48,143.55,143.44,143.54,1985.0,143.628,143.86245,0.5207857142857161
2024-02-23 06:00:00,143.45,143.48,143.37,143.44,7277.0,143.56,143.85645,0.47042857142857236
2024-02-23 05:45:00,143.45,143.5,143.4,143.41,1765.0,143.506,143.8367,0.41542857142857365
2024-02-23 05:30:00,143.41,143.46,143.36,143.42,1330.0,143.476,143.81570000000002,0.2911428571428587
2024-02-23 05:15:00,143.33,143.45,143.32,143.45,1570.0,143.452,143.7856,0.27757142857142825
2024-02-23 05:00:00,143.35,143.4,143.26,143.35,2702.0,143.414,143.7355,0.22828571428571415
2024-02-23 04:45:00,143.28,143.37,143.21,143.35,3300.0,143.396,143.6835,0.2204285714285703
2024-02-23 04:30:00,143.47,143.48,143.27,143.27,3908.0,143.368,143.626,0.17499999999999716
2024-02-23 04:15:00,143.49,143.59,143.44,143.48,3558.0,143.38,143.6195,0.18642857142856833
2024-02-23 04:00:00,143.8,143.8,143.31,143.51,6320.0,143.392,143.594,0.20357142857142613
